id,tipo_persona,actividad_empresarial,fecha,comercio,giro_comercio,tipo_venta,monto,,,,,,,,,,,,,
fd882b966a126fa90f9af3d7be697c3e9e2d812b,Persona Fisica Sin Actividad Empresarial,EMPLEADO DEL SECTOR INDUSTRIAL,16/01/22,SPOTIFY,COMERCIOS ELECTRONICOS (VTAS POR INTERNET),digital,15.06,,,,,,,,,,,,,
fd882b966a126fa90f9af3d7be697c3e9e2d812b,Persona Fisica Sin Actividad Empresarial,EMPLEADO DEL SECTOR INDUSTRIAL,17/01/22,MIATT,"SERVICIOS DE TELECOMUNICACION, LLAMADAS LOC Y LARG",digital,5.99,,,,,,,,,,,,,
fd882b966a126fa90f9af3d7be697c3e9e2d812b,Persona Fisica Sin Actividad Empresarial,EMPLEADO DEL SECTOR INDUSTRIAL,31/01/22,OXXO,"TIENDAS DE CONVENIENCIA, MINISUPER",fisica,3.92,,,,,,,,,,,,,
fd882b966a126fa90f9af3d7be697c3e9e2d812b,Persona Fisica Sin Actividad Empresarial,EMPLEADO DEL SECTOR INDUSTRIAL,31/01/22,OXXO,"TIENDAS DE CONVENIENCIA, MINISUPER",fisica,9.43,,,,,,,,,,,,,
fd882b966a126fa90f9af3d7be697c3e9e2d812b,Persona Fisica Sin Actividad Empresarial,EMPLEADO DEL SECTOR INDUSTRIAL,31/01/22,7ELEVEN,"TIENDAS DE CONVENIENCIA, MINISUPER",fisica,3.23,,,,,,,,,,,,,
fd882b966a126fa90f9af3d7be697c3e9e2d812b,Persona Fisica Sin Actividad Empresarial,EMPLEADO DEL SECTOR INDUSTRIAL,01/02/22,TELCEL,SERVICIOS EMPRESARIALES - NO CLASIFICADOS,digital,11.73,,,,,,,,,,,,,
fd882b966a126fa90f9af3d7be697c3e9e2d812b,Persona Fisica Sin Actividad Empresarial,EMPLEADO DEL SECTOR INDUSTRIAL,01/02/22,MIATT,"SERVICIOS DE TELECOMUNICACION, LLAMADAS LOC Y LARG",digital,11.73,,,,,,,,,,,,,
fd882b966a126fa90f9af3d7be697c3e9e2d812b,Persona Fisica Sin Actividad Empresarial,EMPLEADO DEL SECTOR INDUSTRIAL,03/02/22,SORIANA,AUTOSERVICIOS Y SUPERMERCADOS,fisica,51.25,,,,,,,,,,,,,
fd882b966a126fa90f9af3d7be697c3e9e2d812b,Persona Fisica Sin Actividad Empresarial,EMPLEADO DEL SECTOR INDUSTRIAL,04/02/22,OXXO,"TIENDAS DE CONVENIENCIA, MINISUPER",fisica,45.85,,,,,,,,,,,,,
fd882b966a126fa90f9af3d7be697c3e9e2d812b,Persona Fisica Sin Actividad Empresarial,EMPLEADO DEL SECTOR INDUSTRIAL,04/02/22,TELCEL,SERVICIOS EMPRESARIALES - NO CLASIFICADOS,digital,3.69,,,,,,,,,,,,,
fd882b966a126fa90f9af3d7be697c3e9e2d812b,Persona Fisica Sin Actividad Empresarial,EMPLEADO DEL SECTOR INDUSTRIAL,04/02/22,TELCEL,SERVICIOS EMPRESARIALES - NO CLASIFICADOS,digital,3.69,,,,,,,,,,,,,
fd882b966a126fa90f9af3d7be697c3e9e2d812b,Persona Fisica Sin Actividad Empresarial,EMPLEADO DEL SECTOR INDUSTRIAL,16/02/22,SPOTIFY,COMERCIOS ELECTRONICOS (VTAS POR INTERNET),digital,15.06,,,,,,,,,,,,,
fd882b966a126fa90f9af3d7be697c3e9e2d812b,Persona Fisica Sin Actividad Empresarial,EMPLEADO DEL SECTOR INDUSTRIAL,18/02/22,TELCEL,SERVICIOS EMPRESARIALES - NO CLASIFICADOS,digital,11.73,,,,,,,,,,,,,
fd882b966a126fa90f9af3d7be697c3e9e2d812b,Persona Fisica Sin Actividad Empresarial,EMPLEADO DEL SECTOR INDUSTRIAL,21/02/22,TELCEL,SERVICIOS EMPRESARIALES - NO CLASIFICADOS,digital,11.73,,,,,,,,,,,,,
fd882b966a126fa90f9af3d7be697c3e9e2d812b,Persona Fisica Sin Actividad Empresarial,EMPLEADO DEL SECTOR INDUSTRIAL,21/02/22,VIX,AGREGADOR,digital,11.62,,,,,,,,,,,,,
fd882b966a126fa90f9af3d7be697c3e9e2d812b,Persona Fisica Sin Actividad Empresarial,EMPLEADO DEL SECTOR INDUSTRIAL,22/02/22,OXXO,"TIENDAS DE CONVENIENCIA, MINISUPER",fisica,10.87,,,,,,,,,,,,,
fd882b966a126fa90f9af3d7be697c3e9e2d812b,Persona Fisica Sin Actividad Empresarial,EMPLEADO DEL SECTOR INDUSTRIAL,24/02/22,TELCEL,SERVICIOS EMPRESARIALES - NO CLASIFICADOS,digital,3.69,,,,,,,,,,,,,
fd882b966a126fa90f9af3d7be697c3e9e2d812b,Persona Fisica Sin Actividad Empresarial,EMPLEADO DEL SECTOR INDUSTRIAL,24/02/22,TELCEL,SERVICIOS EMPRESARIALES - NO CLASIFICADOS,digital,3.69,,,,,,,,,,,,,
fd882b966a126fa90f9af3d7be697c3e9e2d812b,Persona Fisica Sin Actividad Empresarial,EMPLEADO DEL SECTOR INDUSTRIAL,27/02/22,TELCEL,SERVICIOS EMPRESARIALES - NO CLASIFICADOS,digital,11.73,,,,,,,,,,,,,
fd882b966a126fa90f9af3d7be697c3e9e2d812b,Persona Fisica Sin Actividad Empresarial,EMPLEADO DEL SECTOR INDUSTRIAL,27/02/22,TELCEL,SERVICIOS EMPRESARIALES - NO CLASIFICADOS,digital,11.73,,,,,,,,,,,,,
fd882b966a126fa90f9af3d7be697c3e9e2d812b,Persona Fisica Sin Actividad Empresarial,EMPLEADO DEL SECTOR INDUSTRIAL,01/03/22,TELCEL,SERVICIOS EMPRESARIALES - NO CLASIFICADOS,digital,11.73,,,,,,,,,,,,,
fd882b966a126fa90f9af3d7be697c3e9e2d812b,Persona Fisica Sin Actividad Empresarial,EMPLEADO DEL SECTOR INDUSTRIAL,02/03/22,OXXO,"TIENDAS DE CONVENIENCIA, MINISUPER",fisica,37,,,,,,,,,,,,,
fd882b966a126fa90f9af3d7be697c3e9e2d812b,Persona Fisica Sin Actividad Empresarial,EMPLEADO DEL SECTOR INDUSTRIAL,03/03/22,TELCEL,SERVICIOS EMPRESARIALES - NO CLASIFICADOS,digital,5.99,,,,,,,,,,,,,
fd882b966a126fa90f9af3d7be697c3e9e2d812b,Persona Fisica Sin Actividad Empresarial,EMPLEADO DEL SECTOR INDUSTRIAL,03/03/22,UBER,"LIMOSINAS, (TAXIS)",digital,7.13,,,,,,,,,,,,,
fd882b966a126fa90f9af3d7be697c3e9e2d812b,Persona Fisica Sin Actividad Empresarial,EMPLEADO DEL SECTOR INDUSTRIAL,04/03/22,UBER,"LIMOSINAS, (TAXIS)",digital,16.32,,,,,,,,,,,,,
fd882b966a126fa90f9af3d7be697c3e9e2d812b,Persona Fisica Sin Actividad Empresarial,EMPLEADO DEL SECTOR INDUSTRIAL,04/03/22,UBER,"LIMOSINAS, (TAXIS)",digital,17.47,,,,,,,,,,,,,
fd882b966a126fa90f9af3d7be697c3e9e2d812b,Persona Fisica Sin Actividad Empresarial,EMPLEADO DEL SECTOR INDUSTRIAL,07/03/22,OXXO,"TIENDAS DE CONVENIENCIA, MINISUPER",fisica,3.74,,,,,,,,,,,,,
fd882b966a126fa90f9af3d7be697c3e9e2d812b,Persona Fisica Sin Actividad Empresarial,EMPLEADO DEL SECTOR INDUSTRIAL,08/03/22,TELCEL,SERVICIOS EMPRESARIALES - NO CLASIFICADOS,digital,11.73,,,,,,,,,,,,,
fd882b966a126fa90f9af3d7be697c3e9e2d812b,Persona Fisica Sin Actividad Empresarial,EMPLEADO DEL SECTOR INDUSTRIAL,09/03/22,TELCEL,SERVICIOS EMPRESARIALES - NO CLASIFICADOS,digital,5.99,,,,,,,,,,,,,
fd882b966a126fa90f9af3d7be697c3e9e2d812b,Persona Fisica Sin Actividad Empresarial,EMPLEADO DEL SECTOR INDUSTRIAL,13/03/22,OXXO,"TIENDAS DE CONVENIENCIA, MINISUPER",fisica,3.27,,,,,,,,,,,,,
fd882b966a126fa90f9af3d7be697c3e9e2d812b,Persona Fisica Sin Actividad Empresarial,EMPLEADO DEL SECTOR INDUSTRIAL,15/03/22,TELCEL,"SERVICIOS DE TELECOMUNICACION, LLAMADAS LOC Y LARG",digital,11.73,,,,,,,,,,,,,
fd882b966a126fa90f9af3d7be697c3e9e2d812b,Persona Fisica Sin Actividad Empresarial,EMPLEADO DEL SECTOR INDUSTRIAL,16/03/22,OXXO,"TIENDAS DE CONVENIENCIA, MINISUPER",fisica,9.43,,,,,,,,,,,,,
fd882b966a126fa90f9af3d7be697c3e9e2d812b,Persona Fisica Sin Actividad Empresarial,EMPLEADO DEL SECTOR INDUSTRIAL,16/03/22,7ELEVEN,"TIENDAS DE CONVENIENCIA, MINISUPER",fisica,5.07,,,,,,,,,,,,,
fd882b966a126fa90f9af3d7be697c3e9e2d812b,Persona Fisica Sin Actividad Empresarial,EMPLEADO DEL SECTOR INDUSTRIAL,16/03/22,TELCEL,"SERVICIOS DE TELECOMUNICACION, LLAMADAS LOC Y LARG",digital,5.99,,,,,,,,,,,,,
fd882b966a126fa90f9af3d7be697c3e9e2d812b,Persona Fisica Sin Actividad Empresarial,EMPLEADO DEL SECTOR INDUSTRIAL,16/03/22,OXXO,"TIENDAS DE CONVENIENCIA, MINISUPER",fisica,34.76,,,,,,,,,,,,,
fd882b966a126fa90f9af3d7be697c3e9e2d812b,Persona Fisica Sin Actividad Empresarial,EMPLEADO DEL SECTOR INDUSTRIAL,16/03/22,SPOTIFY,COMERCIOS ELECTRONICOS (VTAS POR INTERNET),digital,15.06,,,,,,,,,,,,,
fd882b966a126fa90f9af3d7be697c3e9e2d812b,Persona Fisica Sin Actividad Empresarial,EMPLEADO DEL SECTOR INDUSTRIAL,16/03/22,TELCEL,"SERVICIOS DE TELECOMUNICACION, LLAMADAS LOC Y LARG",digital,5.99,,,,,,,,,,,,,
fd882b966a126fa90f9af3d7be697c3e9e2d812b,Persona Fisica Sin Actividad Empresarial,EMPLEADO DEL SECTOR INDUSTRIAL,17/03/22,TELCEL,"SERVICIOS DE TELECOMUNICACION, LLAMADAS LOC Y LARG",digital,9.43,,,,,,,,,,,,,
fd882b966a126fa90f9af3d7be697c3e9e2d812b,Persona Fisica Sin Actividad Empresarial,EMPLEADO DEL SECTOR INDUSTRIAL,17/03/22,TELCEL,"SERVICIOS DE TELECOMUNICACION, LLAMADAS LOC Y LARG",digital,5.99,,,,,,,,,,,,,
fd882b966a126fa90f9af3d7be697c3e9e2d812b,Persona Fisica Sin Actividad Empresarial,EMPLEADO DEL SECTOR INDUSTRIAL,19/03/22,TELCEL,SERVICIOS EMPRESARIALES - NO CLASIFICADOS,digital,11.73,,,,,,,,,,,,,
fd882b966a126fa90f9af3d7be697c3e9e2d812b,Persona Fisica Sin Actividad Empresarial,EMPLEADO DEL SECTOR INDUSTRIAL,21/03/22,VIX,AGREGADOR,digital,11.62,,,,,,,,,,,,,
fd882b966a126fa90f9af3d7be697c3e9e2d812b,Persona Fisica Sin Actividad Empresarial,EMPLEADO DEL SECTOR INDUSTRIAL,22/03/22,OXXO,"TIENDAS DE CONVENIENCIA, MINISUPER",fisica,6.79,,,,,,,,,,,,,
fd882b966a126fa90f9af3d7be697c3e9e2d812b,Persona Fisica Sin Actividad Empresarial,EMPLEADO DEL SECTOR INDUSTRIAL,23/03/22,VIX,AGREGADOR,digital,11.62,,,,,,,,,,,,,
fd882b966a126fa90f9af3d7be697c3e9e2d812b,Persona Fisica Sin Actividad Empresarial,EMPLEADO DEL SECTOR INDUSTRIAL,25/03/22,VIX,AGREGADOR,digital,11.62,,,,,,,,,,,,,
fd882b966a126fa90f9af3d7be697c3e9e2d812b,Persona Fisica Sin Actividad Empresarial,EMPLEADO DEL SECTOR INDUSTRIAL,27/03/22,TELCEL,"SERVICIOS DE TELECOMUNICACION, LLAMADAS LOC Y LARG",digital,11.73,,,,,,,,,,,,,
fd882b966a126fa90f9af3d7be697c3e9e2d812b,Persona Fisica Sin Actividad Empresarial,EMPLEADO DEL SECTOR INDUSTRIAL,27/03/22,OXXO,"TIENDAS DE CONVENIENCIA, MINISUPER",fisica,1.96,,,,,,,,,,,,,
fd882b966a126fa90f9af3d7be697c3e9e2d812b,Persona Fisica Sin Actividad Empresarial,EMPLEADO DEL SECTOR INDUSTRIAL,27/03/22,AMAZON,COMERCIOS ELECTRONICOS (VTAS POR INTERNET),digital,2.54,,,,,,,,,,,,,
fd882b966a126fa90f9af3d7be697c3e9e2d812b,Persona Fisica Sin Actividad Empresarial,EMPLEADO DEL SECTOR INDUSTRIAL,27/03/22,AMAZON,COMERCIOS ELECTRONICOS (VTAS POR INTERNET),digital,342.59,,,,,,,,,,,,,
fd882b966a126fa90f9af3d7be697c3e9e2d812b,Persona Fisica Sin Actividad Empresarial,EMPLEADO DEL SECTOR INDUSTRIAL,27/03/22,VIX,AGREGADOR,digital,11.62,,,,,,,,,,,,,
fd882b966a126fa90f9af3d7be697c3e9e2d812b,Persona Fisica Sin Actividad Empresarial,EMPLEADO DEL SECTOR INDUSTRIAL,28/03/22,TELCEL,"SERVICIOS DE TELECOMUNICACION, LLAMADAS LOC Y LARG",digital,5.99,,,,,,,,,,,,,
fd882b966a126fa90f9af3d7be697c3e9e2d812b,Persona Fisica Sin Actividad Empresarial,EMPLEADO DEL SECTOR INDUSTRIAL,28/03/22,OXXO,"TIENDAS DE CONVENIENCIA, MINISUPER",fisica,41.83,,,,,,,,,,,,,
fd882b966a126fa90f9af3d7be697c3e9e2d812b,Persona Fisica Sin Actividad Empresarial,EMPLEADO DEL SECTOR INDUSTRIAL,28/03/22,TELCEL,"SERVICIOS DE TELECOMUNICACION, LLAMADAS LOC Y LARG",digital,5.99,,,,,,,,,,,,,
fd882b966a126fa90f9af3d7be697c3e9e2d812b,Persona Fisica Sin Actividad Empresarial,EMPLEADO DEL SECTOR INDUSTRIAL,16/04/22,SPOTIFY,COMERCIOS ELECTRONICOS (VTAS POR INTERNET),digital,15.06,,,,,,,,,,,,,
fd882b966a126fa90f9af3d7be697c3e9e2d812b,Persona Fisica Sin Actividad Empresarial,EMPLEADO DEL SECTOR INDUSTRIAL,20/04/22,UBER,"LIMOSINAS, (TAXIS)",digital,12.87,,,,,,,,,,,,,
fd882b966a126fa90f9af3d7be697c3e9e2d812b,Persona Fisica Sin Actividad Empresarial,EMPLEADO DEL SECTOR INDUSTRIAL,20/04/22,UBER,"LIMOSINAS, (TAXIS)",digital,12.88,,,,,,,,,,,,,
fd882b966a126fa90f9af3d7be697c3e9e2d812b,Persona Fisica Sin Actividad Empresarial,EMPLEADO DEL SECTOR INDUSTRIAL,21/04/22,TELCEL,"SERVICIOS DE TELECOMUNICACION, LLAMADAS LOC Y LARG",digital,5.99,,,,,,,,,,,,,
fd882b966a126fa90f9af3d7be697c3e9e2d812b,Persona Fisica Sin Actividad Empresarial,EMPLEADO DEL SECTOR INDUSTRIAL,21/04/22,TELCEL,"SERVICIOS DE TELECOMUNICACION, LLAMADAS LOC Y LARG",digital,3.69,,,,,,,,,,,,,
fd882b966a126fa90f9af3d7be697c3e9e2d812b,Persona Fisica Sin Actividad Empresarial,EMPLEADO DEL SECTOR INDUSTRIAL,21/04/22,TELCEL,"SERVICIOS DE TELECOMUNICACION, LLAMADAS LOC Y LARG",digital,5.99,,,,,,,,,,,,,
fd882b966a126fa90f9af3d7be697c3e9e2d812b,Persona Fisica Sin Actividad Empresarial,EMPLEADO DEL SECTOR INDUSTRIAL,21/04/22,VIX,AGREGADOR,digital,11.62,,,,,,,,,,,,,
fd882b966a126fa90f9af3d7be697c3e9e2d812b,Persona Fisica Sin Actividad Empresarial,EMPLEADO DEL SECTOR INDUSTRIAL,23/04/22,VIX,AGREGADOR,digital,11.62,,,,,,,,,,,,,
fd882b966a126fa90f9af3d7be697c3e9e2d812b,Persona Fisica Sin Actividad Empresarial,EMPLEADO DEL SECTOR INDUSTRIAL,25/04/22,VIX,AGREGADOR,digital,11.62,,,,,,,,,,,,,
fd882b966a126fa90f9af3d7be697c3e9e2d812b,Persona Fisica Sin Actividad Empresarial,EMPLEADO DEL SECTOR INDUSTRIAL,26/04/22,VIX,AGREGADOR,digital,11.62,,,,,,,,,,,,,
fd882b966a126fa90f9af3d7be697c3e9e2d812b,Persona Fisica Sin Actividad Empresarial,EMPLEADO DEL SECTOR INDUSTRIAL,27/04/22,VIX,AGREGADOR,digital,11.62,,,,,,,,,,,,,
fd882b966a126fa90f9af3d7be697c3e9e2d812b,Persona Fisica Sin Actividad Empresarial,EMPLEADO DEL SECTOR INDUSTRIAL,30/04/22,VIX,AGREGADOR,digital,11.62,,,,,,,,,,,,,
fd882b966a126fa90f9af3d7be697c3e9e2d812b,Persona Fisica Sin Actividad Empresarial,EMPLEADO DEL SECTOR INDUSTRIAL,30/04/22,TELCEL,"SERVICIOS DE TELECOMUNICACION, LLAMADAS LOC Y LARG",digital,5.99,,,,,,,,,,,,,
fd882b966a126fa90f9af3d7be697c3e9e2d812b,Persona Fisica Sin Actividad Empresarial,EMPLEADO DEL SECTOR INDUSTRIAL,30/04/22,TELCEL,"SERVICIOS DE TELECOMUNICACION, LLAMADAS LOC Y LARG",digital,11.73,,,,,,,,,,,,,
fd882b966a126fa90f9af3d7be697c3e9e2d812b,Persona Fisica Sin Actividad Empresarial,EMPLEADO DEL SECTOR INDUSTRIAL,01/05/22,VIX,AGREGADOR,digital,11.62,,,,,,,,,,,,,
fd882b966a126fa90f9af3d7be697c3e9e2d812b,Persona Fisica Sin Actividad Empresarial,EMPLEADO DEL SECTOR INDUSTRIAL,01/05/22,AMAZON,COMERCIOS ELECTRONICOS (VTAS POR INTERNET),digital,2.54,,,,,,,,,,,,,
fd882b966a126fa90f9af3d7be697c3e9e2d812b,Persona Fisica Sin Actividad Empresarial,EMPLEADO DEL SECTOR INDUSTRIAL,01/05/22,AMAZON,COMERCIOS ELECTRONICOS (VTAS POR INTERNET),digital,2.54,,,,,,,,,,,,,
fd882b966a126fa90f9af3d7be697c3e9e2d812b,Persona Fisica Sin Actividad Empresarial,EMPLEADO DEL SECTOR INDUSTRIAL,01/05/22,AMAZON,COMERCIOS ELECTRONICOS (VTAS POR INTERNET),digital,16.33,,,,,,,,,,,,,
fd882b966a126fa90f9af3d7be697c3e9e2d812b,Persona Fisica Sin Actividad Empresarial,EMPLEADO DEL SECTOR INDUSTRIAL,03/05/22,7ELEVEN,"TIENDAS DE CONVENIENCIA, MINISUPER",fisica,37,,,,,,,,,,,,,
fd882b966a126fa90f9af3d7be697c3e9e2d812b,Persona Fisica Sin Actividad Empresarial,EMPLEADO DEL SECTOR INDUSTRIAL,03/05/22,TELCEL,"SERVICIOS DE TELECOMUNICACION, LLAMADAS LOC Y LARG",digital,5.99,,,,,,,,,,,,,
fd882b966a126fa90f9af3d7be697c3e9e2d812b,Persona Fisica Sin Actividad Empresarial,EMPLEADO DEL SECTOR INDUSTRIAL,03/05/22,7ELEVEN,"TIENDAS DE CONVENIENCIA, MINISUPER",fisica,71.7,,,,,,,,,,,,,
fd882b966a126fa90f9af3d7be697c3e9e2d812b,Persona Fisica Sin Actividad Empresarial,EMPLEADO DEL SECTOR INDUSTRIAL,03/05/22,UBER,"LIMOSINAS, (TAXIS)",digital,19.76,,,,,,,,,,,,,
fd882b966a126fa90f9af3d7be697c3e9e2d812b,Persona Fisica Sin Actividad Empresarial,EMPLEADO DEL SECTOR INDUSTRIAL,04/05/22,UBER,"LIMOSINAS, (TAXIS)",digital,9.43,,,,,,,,,,,,,
fd882b966a126fa90f9af3d7be697c3e9e2d812b,Persona Fisica Sin Actividad Empresarial,EMPLEADO DEL SECTOR INDUSTRIAL,04/05/22,UBER,"LIMOSINAS, (TAXIS)",digital,9.45,,,,,,,,,,,,,
fd882b966a126fa90f9af3d7be697c3e9e2d812b,Persona Fisica Sin Actividad Empresarial,EMPLEADO DEL SECTOR INDUSTRIAL,04/05/22,UBER,"LIMOSINAS, (TAXIS)",digital,12.88,,,,,,,,,,,,,
fd882b966a126fa90f9af3d7be697c3e9e2d812b,Persona Fisica Sin Actividad Empresarial,EMPLEADO DEL SECTOR INDUSTRIAL,04/05/22,UBER,"LIMOSINAS, (TAXIS)",digital,8.28,,,,,,,,,,,,,
fd882b966a126fa90f9af3d7be697c3e9e2d812b,Persona Fisica Sin Actividad Empresarial,EMPLEADO DEL SECTOR INDUSTRIAL,04/05/22,TELCEL,"SERVICIOS DE TELECOMUNICACION, LLAMADAS LOC Y LARG",digital,11.73,,,,,,,,,,,,,
fd882b966a126fa90f9af3d7be697c3e9e2d812b,Persona Fisica Sin Actividad Empresarial,EMPLEADO DEL SECTOR INDUSTRIAL,06/05/22,OXXO,"TIENDAS DE CONVENIENCIA, MINISUPER",fisica,4.72,,,,,,,,,,,,,
fd882b966a126fa90f9af3d7be697c3e9e2d812b,Persona Fisica Sin Actividad Empresarial,EMPLEADO DEL SECTOR INDUSTRIAL,08/05/22,OXXO,"TIENDAS DE CONVENIENCIA, MINISUPER",fisica,12.42,,,,,,,,,,,,,
fd882b966a126fa90f9af3d7be697c3e9e2d812b,Persona Fisica Sin Actividad Empresarial,EMPLEADO DEL SECTOR INDUSTRIAL,08/05/22,OXXO,"TIENDAS DE CONVENIENCIA, MINISUPER",fisica,20.81,,,,,,,,,,,,,
fd882b966a126fa90f9af3d7be697c3e9e2d812b,Persona Fisica Sin Actividad Empresarial,EMPLEADO DEL SECTOR INDUSTRIAL,11/05/22,OXXO,"TIENDAS DE CONVENIENCIA, MINISUPER",fisica,2.77,,,,,,,,,,,,,
fd882b966a126fa90f9af3d7be697c3e9e2d812b,Persona Fisica Sin Actividad Empresarial,EMPLEADO DEL SECTOR INDUSTRIAL,14/05/22,TELCEL,"SERVICIOS DE TELECOMUNICACION, LLAMADAS LOC Y LARG",digital,11.73,,,,,,,,,,,,,
fd882b966a126fa90f9af3d7be697c3e9e2d812b,Persona Fisica Sin Actividad Empresarial,EMPLEADO DEL SECTOR INDUSTRIAL,15/05/22,AMAZON,COMERCIOS ELECTRONICOS (VTAS POR INTERNET),digital,58.83,,,,,,,,,,,,,
fd882b966a126fa90f9af3d7be697c3e9e2d812b,Persona Fisica Sin Actividad Empresarial,EMPLEADO DEL SECTOR INDUSTRIAL,16/05/22,SPOTIFY,COMERCIOS ELECTRONICOS (VTAS POR INTERNET),digital,15.06,,,,,,,,,,,,,
fd882b966a126fa90f9af3d7be697c3e9e2d812b,Persona Fisica Sin Actividad Empresarial,EMPLEADO DEL SECTOR INDUSTRIAL,16/05/22,TELCEL,"SERVICIOS DE TELECOMUNICACION, LLAMADAS LOC Y LARG",digital,11.73,,,,,,,,,,,,,
fd882b966a126fa90f9af3d7be697c3e9e2d812b,Persona Fisica Sin Actividad Empresarial,EMPLEADO DEL SECTOR INDUSTRIAL,16/05/22,OXXO,"TIENDAS DE CONVENIENCIA, MINISUPER",fisica,35.28,,,,,,,,,,,,,
fd882b966a126fa90f9af3d7be697c3e9e2d812b,Persona Fisica Sin Actividad Empresarial,EMPLEADO DEL SECTOR INDUSTRIAL,17/05/22,OXXO,"TIENDAS DE CONVENIENCIA, MINISUPER",fisica,9.43,,,,,,,,,,,,,
fd882b966a126fa90f9af3d7be697c3e9e2d812b,Persona Fisica Sin Actividad Empresarial,EMPLEADO DEL SECTOR INDUSTRIAL,21/05/22,TELCEL,"SERVICIOS DE TELECOMUNICACION, LLAMADAS LOC Y LARG",digital,5.99,,,,,,,,,,,,,
fd882b966a126fa90f9af3d7be697c3e9e2d812b,Persona Fisica Sin Actividad Empresarial,EMPLEADO DEL SECTOR INDUSTRIAL,21/05/22,VIX,AGREGADOR,digital,11.62,,,,,,,,,,,,,
fd882b966a126fa90f9af3d7be697c3e9e2d812b,Persona Fisica Sin Actividad Empresarial,EMPLEADO DEL SECTOR INDUSTRIAL,24/05/22,ATT,"SERVICIOS DE TELECOMUNICACION, LLAMADAS LOC Y LARG",digital,11.73,,,,,,,,,,,,,
fd882b966a126fa90f9af3d7be697c3e9e2d812b,Persona Fisica Sin Actividad Empresarial,EMPLEADO DEL SECTOR INDUSTRIAL,25/05/22,7ELEVEN,"TIENDAS DE CONVENIENCIA, MINISUPER",fisica,24.37,,,,,,,,,,,,,
fd882b966a126fa90f9af3d7be697c3e9e2d812b,Persona Fisica Sin Actividad Empresarial,EMPLEADO DEL SECTOR INDUSTRIAL,25/05/22,FARMACIASGUADALAJARA,"DROGUERIAS, (FARMACIAS)",fisica,12.13,,,,,,,,,,,,,
fd882b966a126fa90f9af3d7be697c3e9e2d812b,Persona Fisica Sin Actividad Empresarial,EMPLEADO DEL SECTOR INDUSTRIAL,26/05/22,7ELEVEN,"TIENDAS DE CONVENIENCIA, MINISUPER",fisica,24.71,,,,,,,,,,,,,
fd882b966a126fa90f9af3d7be697c3e9e2d812b,Persona Fisica Sin Actividad Empresarial,EMPLEADO DEL SECTOR INDUSTRIAL,31/05/22,7ELEVEN,"TIENDAS DE CONVENIENCIA, MINISUPER",fisica,9.83,,,,,,,,,,,,,
fd882b966a126fa90f9af3d7be697c3e9e2d812b,Persona Fisica Sin Actividad Empresarial,EMPLEADO DEL SECTOR INDUSTRIAL,31/05/22,MICROSOFT,COMERCIOS ELECTRONICOS (VTAS POR INTERNET),digital,15.17,,,,,,,,,,,,,
fd882b966a126fa90f9af3d7be697c3e9e2d812b,Persona Fisica Sin Actividad Empresarial,EMPLEADO DEL SECTOR INDUSTRIAL,31/05/22,AMAZONPRIME,PAGO DE SERVICIO POR TELEVISION CABLE/POR EVENTO,digital,11.62,,,,,,,,,,,,,
fd882b966a126fa90f9af3d7be697c3e9e2d812b,Persona Fisica Sin Actividad Empresarial,EMPLEADO DEL SECTOR INDUSTRIAL,01/06/22,TELCEL,SERVICIOS EMPRESARIALES - NO CLASIFICADOS,digital,11.73,,,,,,,,,,,,,
fd882b966a126fa90f9af3d7be697c3e9e2d812b,Persona Fisica Sin Actividad Empresarial,EMPLEADO DEL SECTOR INDUSTRIAL,01/06/22,AMAZON,COMERCIOS ELECTRONICOS (VTAS POR INTERNET),digital,16.33,,,,,,,,,,,,,
fd882b966a126fa90f9af3d7be697c3e9e2d812b,Persona Fisica Sin Actividad Empresarial,EMPLEADO DEL SECTOR INDUSTRIAL,03/06/22,SORIANA,AUTOSERVICIOS Y SUPERMERCADOS,fisica,28.85,,,,,,,,,,,,,
fd882b966a126fa90f9af3d7be697c3e9e2d812b,Persona Fisica Sin Actividad Empresarial,EMPLEADO DEL SECTOR INDUSTRIAL,05/06/22,TELCEL,"SERVICIOS DE TELECOMUNICACION, LLAMADAS LOC Y LARG",digital,11.73,,,,,,,,,,,,,
fd882b966a126fa90f9af3d7be697c3e9e2d812b,Persona Fisica Sin Actividad Empresarial,EMPLEADO DEL SECTOR INDUSTRIAL,05/06/22,TELCEL,"SERVICIOS DE TELECOMUNICACION, LLAMADAS LOC Y LARG",digital,11.73,,,,,,,,,,,,,
fd882b966a126fa90f9af3d7be697c3e9e2d812b,Persona Fisica Sin Actividad Empresarial,EMPLEADO DEL SECTOR INDUSTRIAL,06/06/22,MIATT,"SERVICIOS DE TELECOMUNICACION, LLAMADAS LOC Y LARG",digital,11.73,,,,,,,,,,,,,
fd882b966a126fa90f9af3d7be697c3e9e2d812b,Persona Fisica Sin Actividad Empresarial,EMPLEADO DEL SECTOR INDUSTRIAL,06/06/22,TELCEL,"SERVICIOS DE TELECOMUNICACION, LLAMADAS LOC Y LARG",digital,1.96,,,,,,,,,,,,,
fd882b966a126fa90f9af3d7be697c3e9e2d812b,Persona Fisica Sin Actividad Empresarial,EMPLEADO DEL SECTOR INDUSTRIAL,06/06/22,TELCEL,"EQUIPOS DE TELECOMUNICACION,VTA DE TELEFONOS",digital,1.96,,,,,,,,,,,,,
fd882b966a126fa90f9af3d7be697c3e9e2d812b,Persona Fisica Sin Actividad Empresarial,EMPLEADO DEL SECTOR INDUSTRIAL,06/06/22,TELCEL,"EQUIPOS DE TELECOMUNICACION,VTA DE TELEFONOS",digital,1.96,,,,,,,,,,,,,
fd882b966a126fa90f9af3d7be697c3e9e2d812b,Persona Fisica Sin Actividad Empresarial,EMPLEADO DEL SECTOR INDUSTRIAL,12/06/22,OXXO,"TIENDAS DE CONVENIENCIA, MINISUPER",fisica,8.51,,,,,,,,,,,,,
fd882b966a126fa90f9af3d7be697c3e9e2d812b,Persona Fisica Sin Actividad Empresarial,EMPLEADO DEL SECTOR INDUSTRIAL,13/06/22,MIATT,"SERVICIOS DE TELECOMUNICACION, LLAMADAS LOC Y LARG",digital,11.73,,,,,,,,,,,,,
fd882b966a126fa90f9af3d7be697c3e9e2d812b,Persona Fisica Sin Actividad Empresarial,EMPLEADO DEL SECTOR INDUSTRIAL,14/06/22,ATT,"SERVICIOS DE TELECOMUNICACION, LLAMADAS LOC Y LARG",digital,11.73,,,,,,,,,,,,,
fd882b966a126fa90f9af3d7be697c3e9e2d812b,Persona Fisica Sin Actividad Empresarial,EMPLEADO DEL SECTOR INDUSTRIAL,15/06/22,UBER,AGREGADOR,digital,10.58,,,,,,,,,,,,,
fd882b966a126fa90f9af3d7be697c3e9e2d812b,Persona Fisica Sin Actividad Empresarial,EMPLEADO DEL SECTOR INDUSTRIAL,15/06/22,TELCEL,"SERVICIOS DE TELECOMUNICACION, LLAMADAS LOC Y LARG",digital,1.96,,,,,,,,,,,,,
fd882b966a126fa90f9af3d7be697c3e9e2d812b,Persona Fisica Sin Actividad Empresarial,EMPLEADO DEL SECTOR INDUSTRIAL,15/06/22,UBER,AGREGADOR,digital,10.59,,,,,,,,,,,,,
fd882b966a126fa90f9af3d7be697c3e9e2d812b,Persona Fisica Sin Actividad Empresarial,EMPLEADO DEL SECTOR INDUSTRIAL,15/06/22,MIATT,"SERVICIOS DE TELECOMUNICACION, LLAMADAS LOC Y LARG",digital,11.73,,,,,,,,,,,,,
fd882b966a126fa90f9af3d7be697c3e9e2d812b,Persona Fisica Sin Actividad Empresarial,EMPLEADO DEL SECTOR INDUSTRIAL,15/06/22,UBER,AGREGADOR,digital,8.27,,,,,,,,,,,,,
fd882b966a126fa90f9af3d7be697c3e9e2d812b,Persona Fisica Sin Actividad Empresarial,EMPLEADO DEL SECTOR INDUSTRIAL,15/06/22,TELCEL,"SERVICIOS DE TELECOMUNICACION, LLAMADAS LOC Y LARG",digital,1.96,,,,,,,,,,,,,
fd882b966a126fa90f9af3d7be697c3e9e2d812b,Persona Fisica Sin Actividad Empresarial,EMPLEADO DEL SECTOR INDUSTRIAL,15/06/22,TELCEL,"SERVICIOS DE TELECOMUNICACION, LLAMADAS LOC Y LARG",digital,11.73,,,,,,,,,,,,,
fd882b966a126fa90f9af3d7be697c3e9e2d812b,Persona Fisica Sin Actividad Empresarial,EMPLEADO DEL SECTOR INDUSTRIAL,15/06/22,TELCEL,"SERVICIOS DE TELECOMUNICACION, LLAMADAS LOC Y LARG",digital,1.96,,,,,,,,,,,,,
fd882b966a126fa90f9af3d7be697c3e9e2d812b,Persona Fisica Sin Actividad Empresarial,EMPLEADO DEL SECTOR INDUSTRIAL,15/06/22,TELCEL,"SERVICIOS DE TELECOMUNICACION, LLAMADAS LOC Y LARG",digital,11.73,,,,,,,,,,,,,
fd882b966a126fa90f9af3d7be697c3e9e2d812b,Persona Fisica Sin Actividad Empresarial,EMPLEADO DEL SECTOR INDUSTRIAL,15/06/22,TELCEL,"SERVICIOS DE TELECOMUNICACION, LLAMADAS LOC Y LARG",digital,1.96,,,,,,,,,,,,,
fd882b966a126fa90f9af3d7be697c3e9e2d812b,Persona Fisica Sin Actividad Empresarial,EMPLEADO DEL SECTOR INDUSTRIAL,15/06/22,TELCEL,"SERVICIOS DE TELECOMUNICACION, LLAMADAS LOC Y LARG",digital,5.99,,,,,,,,,,,,,
fd882b966a126fa90f9af3d7be697c3e9e2d812b,Persona Fisica Sin Actividad Empresarial,EMPLEADO DEL SECTOR INDUSTRIAL,15/06/22,UBER,AGREGADOR,digital,19.77,,,,,,,,,,,,,
fd882b966a126fa90f9af3d7be697c3e9e2d812b,Persona Fisica Sin Actividad Empresarial,EMPLEADO DEL SECTOR INDUSTRIAL,15/06/22,UBER,AGREGADOR,digital,19.35,,,,,,,,,,,,,
fd882b966a126fa90f9af3d7be697c3e9e2d812b,Persona Fisica Sin Actividad Empresarial,EMPLEADO DEL SECTOR INDUSTRIAL,15/06/22,UBER,AGREGADOR,digital,3.68,,,,,,,,,,,,,
fd882b966a126fa90f9af3d7be697c3e9e2d812b,Persona Fisica Sin Actividad Empresarial,EMPLEADO DEL SECTOR INDUSTRIAL,15/06/22,UBER,AGREGADOR,digital,5.98,,,,,,,,,,,,,
fd882b966a126fa90f9af3d7be697c3e9e2d812b,Persona Fisica Sin Actividad Empresarial,EMPLEADO DEL SECTOR INDUSTRIAL,16/06/22,UBER,AGREGADOR,digital,12.87,,,,,,,,,,,,,
fd882b966a126fa90f9af3d7be697c3e9e2d812b,Persona Fisica Sin Actividad Empresarial,EMPLEADO DEL SECTOR INDUSTRIAL,16/06/22,SPOTIFY,COMERCIOS ELECTRONICOS (VTAS POR INTERNET),digital,15.06,,,,,,,,,,,,,
fd882b966a126fa90f9af3d7be697c3e9e2d812b,Persona Fisica Sin Actividad Empresarial,EMPLEADO DEL SECTOR INDUSTRIAL,17/06/22,SPOTIFY,COMERCIOS ELECTRONICOS (VTAS POR INTERNET),digital,15.06,,,,,,,,,,,,,
fd882b966a126fa90f9af3d7be697c3e9e2d812b,Persona Fisica Sin Actividad Empresarial,EMPLEADO DEL SECTOR INDUSTRIAL,20/06/22,SPOTIFY,COMERCIOS ELECTRONICOS (VTAS POR INTERNET),digital,15.06,,,,,,,,,,,,,
fd882b966a126fa90f9af3d7be697c3e9e2d812b,Persona Fisica Sin Actividad Empresarial,EMPLEADO DEL SECTOR INDUSTRIAL,21/06/22,7ELEVEN,"TIENDAS DE CONVENIENCIA, MINISUPER",fisica,5.7,,,,,,,,,,,,,
fd882b966a126fa90f9af3d7be697c3e9e2d812b,Persona Fisica Sin Actividad Empresarial,EMPLEADO DEL SECTOR INDUSTRIAL,21/06/22,SPOTIFY,COMERCIOS ELECTRONICOS (VTAS POR INTERNET),digital,15.06,,,,,,,,,,,,,
fd882b966a126fa90f9af3d7be697c3e9e2d812b,Persona Fisica Sin Actividad Empresarial,EMPLEADO DEL SECTOR INDUSTRIAL,21/06/22,VIX,AGREGADOR,digital,11.62,,,,,,,,,,,,,
fd882b966a126fa90f9af3d7be697c3e9e2d812b,Persona Fisica Sin Actividad Empresarial,EMPLEADO DEL SECTOR INDUSTRIAL,22/06/22,TELCEL,"SERVICIOS DE TELECOMUNICACION, LLAMADAS LOC Y LARG",digital,11.73,,,,,,,,,,,,,
fd882b966a126fa90f9af3d7be697c3e9e2d812b,Persona Fisica Sin Actividad Empresarial,EMPLEADO DEL SECTOR INDUSTRIAL,24/06/22,TELCEL,"SERVICIOS DE TELECOMUNICACION, LLAMADAS LOC Y LARG",digital,11.73,,,,,,,,,,,,,
fd882b966a126fa90f9af3d7be697c3e9e2d812b,Persona Fisica Sin Actividad Empresarial,EMPLEADO DEL SECTOR INDUSTRIAL,24/06/22,SPOTIFY,COMERCIOS ELECTRONICOS (VTAS POR INTERNET),digital,15.06,,,,,,,,,,,,,
fd882b966a126fa90f9af3d7be697c3e9e2d812b,Persona Fisica Sin Actividad Empresarial,EMPLEADO DEL SECTOR INDUSTRIAL,24/06/22,7ELEVEN,"TIENDAS DE CONVENIENCIA, MINISUPER",fisica,4.49,,,,,,,,,,,,,
fd882b966a126fa90f9af3d7be697c3e9e2d812b,Persona Fisica Sin Actividad Empresarial,EMPLEADO DEL SECTOR INDUSTRIAL,26/06/22,SPOTIFY,COMERCIOS ELECTRONICOS (VTAS POR INTERNET),digital,15.06,,,,,,,,,,,,,
fd882b966a126fa90f9af3d7be697c3e9e2d812b,Persona Fisica Sin Actividad Empresarial,EMPLEADO DEL SECTOR INDUSTRIAL,26/06/22,TELCEL,"SERVICIOS DE TELECOMUNICACION, LLAMADAS LOC Y LARG",digital,11.73,,,,,,,,,,,,,
fd882b966a126fa90f9af3d7be697c3e9e2d812b,Persona Fisica Sin Actividad Empresarial,EMPLEADO DEL SECTOR INDUSTRIAL,27/06/22,SPOTIFY,COMERCIOS ELECTRONICOS (VTAS POR INTERNET),digital,15.06,,,,,,,,,,,,,
fd882b966a126fa90f9af3d7be697c3e9e2d812b,Persona Fisica Sin Actividad Empresarial,EMPLEADO DEL SECTOR INDUSTRIAL,28/06/22,TELCEL,"SERVICIOS DE TELECOMUNICACION, LLAMADAS LOC Y LARG",digital,11.73,,,,,,,,,,,,,
fd882b966a126fa90f9af3d7be697c3e9e2d812b,Persona Fisica Sin Actividad Empresarial,EMPLEADO DEL SECTOR INDUSTRIAL,29/06/22,TELCEL,"SERVICIOS DE TELECOMUNICACION, LLAMADAS LOC Y LARG",digital,11.73,,,,,,,,,,,,,
fd882b966a126fa90f9af3d7be697c3e9e2d812b,Persona Fisica Sin Actividad Empresarial,EMPLEADO DEL SECTOR INDUSTRIAL,29/06/22,7ELEVEN,"TIENDAS DE CONVENIENCIA, MINISUPER",fisica,34.13,,,,,,,,,,,,,
fd882b966a126fa90f9af3d7be697c3e9e2d812b,Persona Fisica Sin Actividad Empresarial,EMPLEADO DEL SECTOR INDUSTRIAL,29/06/22,TELCEL,"SERVICIOS DE TELECOMUNICACION, LLAMADAS LOC Y LARG",digital,9.43,,,,,,,,,,,,,
fd882b966a126fa90f9af3d7be697c3e9e2d812b,Persona Fisica Sin Actividad Empresarial,EMPLEADO DEL SECTOR INDUSTRIAL,29/06/22,TELCEL,"SERVICIOS DE TELECOMUNICACION, LLAMADAS LOC Y LARG",digital,3.69,,,,,,,,,,,,,
fd882b966a126fa90f9af3d7be697c3e9e2d812b,Persona Fisica Sin Actividad Empresarial,EMPLEADO DEL SECTOR INDUSTRIAL,29/06/22,TELCEL,"SERVICIOS DE TELECOMUNICACION, LLAMADAS LOC Y LARG",digital,3.69,,,,,,,,,,,,,
fd882b966a126fa90f9af3d7be697c3e9e2d812b,Persona Fisica Sin Actividad Empresarial,EMPLEADO DEL SECTOR INDUSTRIAL,30/06/22,TELCEL,"SERVICIOS DE TELECOMUNICACION, LLAMADAS LOC Y LARG",digital,3.69,,,,,,,,,,,,,
fd882b966a126fa90f9af3d7be697c3e9e2d812b,Persona Fisica Sin Actividad Empresarial,EMPLEADO DEL SECTOR INDUSTRIAL,30/06/22,UBEREATS,"TRASLADOS - FLETES, (SERVICIOS DE MENSAJERIA)",digital,30.85,,,,,,,,,,,,,
fd882b966a126fa90f9af3d7be697c3e9e2d812b,Persona Fisica Sin Actividad Empresarial,EMPLEADO DEL SECTOR INDUSTRIAL,30/06/22,AMAZONPRIME,PAGO DE SERVICIO POR TELEVISION CABLE/POR EVENTO,digital,11.62,,,,,,,,,,,,,
fd882b966a126fa90f9af3d7be697c3e9e2d812b,Persona Fisica Sin Actividad Empresarial,EMPLEADO DEL SECTOR INDUSTRIAL,01/07/22,MICROSOFT,COMERCIOS ELECTRONICOS (VTAS POR INTERNET),digital,15.17,,,,,,,,,,,,,
fd882b966a126fa90f9af3d7be697c3e9e2d812b,Persona Fisica Sin Actividad Empresarial,EMPLEADO DEL SECTOR INDUSTRIAL,01/07/22,MICROSOFT,AGREGADOR,digital,15.17,,,,,,,,,,,,,
fd882b966a126fa90f9af3d7be697c3e9e2d812b,Persona Fisica Sin Actividad Empresarial,EMPLEADO DEL SECTOR INDUSTRIAL,01/07/22,AMAZON,COMERCIOS ELECTRONICOS (VTAS POR INTERNET),digital,16.33,,,,,,,,,,,,,
fd882b966a126fa90f9af3d7be697c3e9e2d812b,Persona Fisica Sin Actividad Empresarial,EMPLEADO DEL SECTOR INDUSTRIAL,03/07/22,AMAZONPRIME,PAGO DE SERVICIO POR TELEVISION CABLE/POR EVENTO,digital,11.62,,,,,,,,,,,,,
fd882b966a126fa90f9af3d7be697c3e9e2d812b,Persona Fisica Sin Actividad Empresarial,EMPLEADO DEL SECTOR INDUSTRIAL,04/07/22,TELCEL,COMPUTADORAS EQUIPO PERIF DE COMPUTADORAS SOFTWARE,digital,11.73,,,,,,,,,,,,,
fd882b966a126fa90f9af3d7be697c3e9e2d812b,Persona Fisica Sin Actividad Empresarial,EMPLEADO DEL SECTOR INDUSTRIAL,04/07/22,OXXO,"TIENDAS DE CONVENIENCIA, MINISUPER",fisica,9.89,,,,,,,,,,,,,
fd882b966a126fa90f9af3d7be697c3e9e2d812b,Persona Fisica Sin Actividad Empresarial,EMPLEADO DEL SECTOR INDUSTRIAL,04/07/22,AMAZON,COMERCIOS ELECTRONICOS (VTAS POR INTERNET),digital,16.33,,,,,,,,,,,,,
fd882b966a126fa90f9af3d7be697c3e9e2d812b,Persona Fisica Sin Actividad Empresarial,EMPLEADO DEL SECTOR INDUSTRIAL,05/07/22,TELCEL,"SERVICIOS DE TELECOMUNICACION, LLAMADAS LOC Y LARG",digital,11.73,,,,,,,,,,,,,
fd882b966a126fa90f9af3d7be697c3e9e2d812b,Persona Fisica Sin Actividad Empresarial,EMPLEADO DEL SECTOR INDUSTRIAL,05/07/22,7ELEVEN,"TIENDAS DE CONVENIENCIA, MINISUPER",fisica,34.25,,,,,,,,,,,,,
fd882b966a126fa90f9af3d7be697c3e9e2d812b,Persona Fisica Sin Actividad Empresarial,EMPLEADO DEL SECTOR INDUSTRIAL,06/07/22,UBEREATS,"TRASLADOS - FLETES, (SERVICIOS DE MENSAJERIA)",digital,28.55,,,,,,,,,,,,,
fd882b966a126fa90f9af3d7be697c3e9e2d812b,Persona Fisica Sin Actividad Empresarial,EMPLEADO DEL SECTOR INDUSTRIAL,06/07/22,AMAZONPRIME,PAGO DE SERVICIO POR TELEVISION CABLE/POR EVENTO,digital,11.62,,,,,,,,,,,,,
fd882b966a126fa90f9af3d7be697c3e9e2d812b,Persona Fisica Sin Actividad Empresarial,EMPLEADO DEL SECTOR INDUSTRIAL,06/07/22,OXXO,"TIENDAS DE CONVENIENCIA, MINISUPER",fisica,12.42,,,,,,,,,,,,,
fd882b966a126fa90f9af3d7be697c3e9e2d812b,Persona Fisica Sin Actividad Empresarial,EMPLEADO DEL SECTOR INDUSTRIAL,07/07/22,AMAZON,COMERCIOS ELECTRONICOS (VTAS POR INTERNET),digital,16.33,,,,,,,,,,,,,
fd882b966a126fa90f9af3d7be697c3e9e2d812b,Persona Fisica Sin Actividad Empresarial,EMPLEADO DEL SECTOR INDUSTRIAL,08/07/22,7ELEVEN,"TIENDAS DE CONVENIENCIA, MINISUPER",fisica,5.07,,,,,,,,,,,,,
fd882b966a126fa90f9af3d7be697c3e9e2d812b,Persona Fisica Sin Actividad Empresarial,EMPLEADO DEL SECTOR INDUSTRIAL,09/07/22,AMAZONPRIME,PAGO DE SERVICIO POR TELEVISION CABLE/POR EVENTO,digital,11.62,,,,,,,,,,,,,
fd882b966a126fa90f9af3d7be697c3e9e2d812b,Persona Fisica Sin Actividad Empresarial,EMPLEADO DEL SECTOR INDUSTRIAL,10/07/22,7ELEVEN,"TIENDAS DE CONVENIENCIA, MINISUPER",fisica,6.96,,,,,,,,,,,,,
fd882b966a126fa90f9af3d7be697c3e9e2d812b,Persona Fisica Sin Actividad Empresarial,EMPLEADO DEL SECTOR INDUSTRIAL,10/07/22,AMAZON,COMERCIOS ELECTRONICOS (VTAS POR INTERNET),digital,16.33,,,,,,,,,,,,,
fd882b966a126fa90f9af3d7be697c3e9e2d812b,Persona Fisica Sin Actividad Empresarial,EMPLEADO DEL SECTOR INDUSTRIAL,11/07/22,7ELEVEN,"TIENDAS DE CONVENIENCIA, MINISUPER",fisica,10.93,,,,,,,,,,,,,
fd882b966a126fa90f9af3d7be697c3e9e2d812b,Persona Fisica Sin Actividad Empresarial,EMPLEADO DEL SECTOR INDUSTRIAL,11/07/22,TELCEL,COMPUTADORAS EQUIPO PERIF DE COMPUTADORAS SOFTWARE,digital,11.73,,,,,,,,,,,,,
fd882b966a126fa90f9af3d7be697c3e9e2d812b,Persona Fisica Sin Actividad Empresarial,EMPLEADO DEL SECTOR INDUSTRIAL,11/07/22,OXXO,"TIENDAS DE CONVENIENCIA, MINISUPER",fisica,42.1,,,,,,,,,,,,,
fd882b966a126fa90f9af3d7be697c3e9e2d812b,Persona Fisica Sin Actividad Empresarial,EMPLEADO DEL SECTOR INDUSTRIAL,12/07/22,AMAZONPRIME,PAGO DE SERVICIO POR TELEVISION CABLE/POR EVENTO,digital,11.62,,,,,,,,,,,,,
fd882b966a126fa90f9af3d7be697c3e9e2d812b,Persona Fisica Sin Actividad Empresarial,EMPLEADO DEL SECTOR INDUSTRIAL,15/07/22,TELCEL,"SERVICIOS DE TELECOMUNICACION, LLAMADAS LOC Y LARG",digital,11.73,,,,,,,,,,,,,
fd882b966a126fa90f9af3d7be697c3e9e2d812b,Persona Fisica Sin Actividad Empresarial,EMPLEADO DEL SECTOR INDUSTRIAL,15/07/22,ATT,"SERVICIOS DE TELECOMUNICACION, LLAMADAS LOC Y LARG",digital,11.73,,,,,,,,,,,,,
fd882b966a126fa90f9af3d7be697c3e9e2d812b,Persona Fisica Sin Actividad Empresarial,EMPLEADO DEL SECTOR INDUSTRIAL,16/07/22,UBER,AGREGADOR,digital,16.32,,,,,,,,,,,,,
fd882b966a126fa90f9af3d7be697c3e9e2d812b,Persona Fisica Sin Actividad Empresarial,EMPLEADO DEL SECTOR INDUSTRIAL,16/07/22,UBER,"LIMOSINAS, (TAXIS)",digital,16.32,,,,,,,,,,,,,
fd882b966a126fa90f9af3d7be697c3e9e2d812b,Persona Fisica Sin Actividad Empresarial,EMPLEADO DEL SECTOR INDUSTRIAL,17/07/22,UBEREATS,"TRASLADOS - FLETES, (SERVICIOS DE MENSAJERIA)",digital,17,,,,,,,,,,,,,
fd882b966a126fa90f9af3d7be697c3e9e2d812b,Persona Fisica Sin Actividad Empresarial,EMPLEADO DEL SECTOR INDUSTRIAL,18/07/22,OXXO,"TIENDAS DE CONVENIENCIA, MINISUPER",fisica,10.7,,,,,,,,,,,,,
fd882b966a126fa90f9af3d7be697c3e9e2d812b,Persona Fisica Sin Actividad Empresarial,EMPLEADO DEL SECTOR INDUSTRIAL,19/07/22,7ELEVEN,"TIENDAS DE CONVENIENCIA, MINISUPER",fisica,8.92,,,,,,,,,,,,,
fd882b966a126fa90f9af3d7be697c3e9e2d812b,Persona Fisica Sin Actividad Empresarial,EMPLEADO DEL SECTOR INDUSTRIAL,20/07/22,OXXO,"TIENDAS DE CONVENIENCIA, MINISUPER",fisica,33.55,,,,,,,,,,,,,
fd882b966a126fa90f9af3d7be697c3e9e2d812b,Persona Fisica Sin Actividad Empresarial,EMPLEADO DEL SECTOR INDUSTRIAL,20/07/22,TELCEL,SERVICIOS EMPRESARIALES - NO CLASIFICADOS,digital,5.99,,,,,,,,,,,,,
fd882b966a126fa90f9af3d7be697c3e9e2d812b,Persona Fisica Sin Actividad Empresarial,EMPLEADO DEL SECTOR INDUSTRIAL,20/07/22,TELCEL,SERVICIOS EMPRESARIALES - NO CLASIFICADOS,digital,3.69,,,,,,,,,,,,,
fd882b966a126fa90f9af3d7be697c3e9e2d812b,Persona Fisica Sin Actividad Empresarial,EMPLEADO DEL SECTOR INDUSTRIAL,21/07/22,TELCEL,SERVICIOS EMPRESARIALES - NO CLASIFICADOS,digital,3.69,,,,,,,,,,,,,
fd882b966a126fa90f9af3d7be697c3e9e2d812b,Persona Fisica Sin Actividad Empresarial,EMPLEADO DEL SECTOR INDUSTRIAL,21/07/22,MERCADOPAGO,MERCADEO DIRECTO - NO CLASIFICADO,digital,21.72,,,,,,,,,,,,,
fd882b966a126fa90f9af3d7be697c3e9e2d812b,Persona Fisica Sin Actividad Empresarial,EMPLEADO DEL SECTOR INDUSTRIAL,21/07/22,MERCADOPAGO,MERCADO DIRECTO - VENTAS POR CATALOGO,digital,21.72,,,,,,,,,,,,,
fd882b966a126fa90f9af3d7be697c3e9e2d812b,Persona Fisica Sin Actividad Empresarial,EMPLEADO DEL SECTOR INDUSTRIAL,21/07/22,UBER,AGREGADOR,digital,11.72,,,,,,,,,,,,,
fd882b966a126fa90f9af3d7be697c3e9e2d812b,Persona Fisica Sin Actividad Empresarial,EMPLEADO DEL SECTOR INDUSTRIAL,21/07/22,TELCEL,SERVICIOS EMPRESARIALES - NO CLASIFICADOS,digital,5.99,,,,,,,,,,,,,
fd882b966a126fa90f9af3d7be697c3e9e2d812b,Persona Fisica Sin Actividad Empresarial,EMPLEADO DEL SECTOR INDUSTRIAL,21/07/22,UBER,AGREGADOR,digital,5.98,,,,,,,,,,,,,
fd882b966a126fa90f9af3d7be697c3e9e2d812b,Persona Fisica Sin Actividad Empresarial,EMPLEADO DEL SECTOR INDUSTRIAL,21/07/22,UBER,AGREGADOR,digital,5.99,,,,,,,,,,,,,
fd882b966a126fa90f9af3d7be697c3e9e2d812b,Persona Fisica Sin Actividad Empresarial,EMPLEADO DEL SECTOR INDUSTRIAL,25/07/22,TELCEL,"SERVICIOS DE TELECOMUNICACION, LLAMADAS LOC Y LARG",digital,11.73,,,,,,,,,,,,,
fd882b966a126fa90f9af3d7be697c3e9e2d812b,Persona Fisica Sin Actividad Empresarial,EMPLEADO DEL SECTOR INDUSTRIAL,25/07/22,7ELEVEN,"TIENDAS DE CONVENIENCIA, MINISUPER",fisica,7.36,,,,,,,,,,,,,
fd882b966a126fa90f9af3d7be697c3e9e2d812b,Persona Fisica Sin Actividad Empresarial,EMPLEADO DEL SECTOR INDUSTRIAL,25/07/22,7ELEVEN,"TIENDAS DE CONVENIENCIA, MINISUPER",fisica,4.43,,,,,,,,,,,,,
fd882b966a126fa90f9af3d7be697c3e9e2d812b,Persona Fisica Sin Actividad Empresarial,EMPLEADO DEL SECTOR INDUSTRIAL,25/07/22,TELCEL,"SERVICIOS DE TELECOMUNICACION, LLAMADAS LOC Y LARG",digital,3.69,,,,,,,,,,,,,
fd882b966a126fa90f9af3d7be697c3e9e2d812b,Persona Fisica Sin Actividad Empresarial,EMPLEADO DEL SECTOR INDUSTRIAL,25/07/22,UBEREATS,"TRASLADOS - FLETES, (SERVICIOS DE MENSAJERIA)",digital,26.63,,,,,,,,,,,,,
fd882b966a126fa90f9af3d7be697c3e9e2d812b,Persona Fisica Sin Actividad Empresarial,EMPLEADO DEL SECTOR INDUSTRIAL,26/07/22,7ELEVEN,"TIENDAS DE CONVENIENCIA, MINISUPER",fisica,30.4,,,,,,,,,,,,,
fd882b966a126fa90f9af3d7be697c3e9e2d812b,Persona Fisica Sin Actividad Empresarial,EMPLEADO DEL SECTOR INDUSTRIAL,27/07/22,TELCEL,"SERVICIOS DE TELECOMUNICACION, LLAMADAS LOC Y LARG",digital,11.73,,,,,,,,,,,,,
fd882b966a126fa90f9af3d7be697c3e9e2d812b,Persona Fisica Sin Actividad Empresarial,EMPLEADO DEL SECTOR INDUSTRIAL,27/07/22,TELCEL,"SERVICIOS DE TELECOMUNICACION, LLAMADAS LOC Y LARG",digital,3.69,,,,,,,,,,,,,
fd882b966a126fa90f9af3d7be697c3e9e2d812b,Persona Fisica Sin Actividad Empresarial,EMPLEADO DEL SECTOR INDUSTRIAL,27/07/22,TELCEL,"SERVICIOS DE TELECOMUNICACION, LLAMADAS LOC Y LARG",digital,9.43,,,,,,,,,,,,,
fd882b966a126fa90f9af3d7be697c3e9e2d812b,Persona Fisica Sin Actividad Empresarial,EMPLEADO DEL SECTOR INDUSTRIAL,27/07/22,7ELEVEN,"TIENDAS DE CONVENIENCIA, MINISUPER",fisica,45.96,,,,,,,,,,,,,
fd882b966a126fa90f9af3d7be697c3e9e2d812b,Persona Fisica Sin Actividad Empresarial,EMPLEADO DEL SECTOR INDUSTRIAL,27/07/22,UBER,"LIMOSINAS, (TAXIS)",digital,10.58,,,,,,,,,,,,,
fd882b966a126fa90f9af3d7be697c3e9e2d812b,Persona Fisica Sin Actividad Empresarial,EMPLEADO DEL SECTOR INDUSTRIAL,27/07/22,TELCEL,"SERVICIOS DE TELECOMUNICACION, LLAMADAS LOC Y LARG",digital,11.73,,,,,,,,,,,,,
fd882b966a126fa90f9af3d7be697c3e9e2d812b,Persona Fisica Sin Actividad Empresarial,EMPLEADO DEL SECTOR INDUSTRIAL,27/07/22,UBER,AGREGADOR,digital,12.88,,,,,,,,,,,,,
fd882b966a126fa90f9af3d7be697c3e9e2d812b,Persona Fisica Sin Actividad Empresarial,EMPLEADO DEL SECTOR INDUSTRIAL,27/07/22,UBER,AGREGADOR,digital,13.32,,,,,,,,,,,,,
fd882b966a126fa90f9af3d7be697c3e9e2d812b,Persona Fisica Sin Actividad Empresarial,EMPLEADO DEL SECTOR INDUSTRIAL,28/07/22,TELCEL,"SERVICIOS DE TELECOMUNICACION, LLAMADAS LOC Y LARG",digital,5.99,,,,,,,,,,,,,
fd882b966a126fa90f9af3d7be697c3e9e2d812b,Persona Fisica Sin Actividad Empresarial,EMPLEADO DEL SECTOR INDUSTRIAL,28/07/22,UBER,AGREGADOR,digital,12.88,,,,,,,,,,,,,
fd882b966a126fa90f9af3d7be697c3e9e2d812b,Persona Fisica Sin Actividad Empresarial,EMPLEADO DEL SECTOR INDUSTRIAL,28/07/22,TELCEL,"SERVICIOS DE TELECOMUNICACION, LLAMADAS LOC Y LARG",digital,3.69,,,,,,,,,,,,,
fd882b966a126fa90f9af3d7be697c3e9e2d812b,Persona Fisica Sin Actividad Empresarial,EMPLEADO DEL SECTOR INDUSTRIAL,28/07/22,TELCEL,"SERVICIOS DE TELECOMUNICACION, LLAMADAS LOC Y LARG",digital,3.69,,,,,,,,,,,,,
fd882b966a126fa90f9af3d7be697c3e9e2d812b,Persona Fisica Sin Actividad Empresarial,EMPLEADO DEL SECTOR INDUSTRIAL,29/07/22,TELCEL,"SERVICIOS DE TELECOMUNICACION, LLAMADAS LOC Y LARG",digital,2.54,,,,,,,,,,,,,
fd882b966a126fa90f9af3d7be697c3e9e2d812b,Persona Fisica Sin Actividad Empresarial,EMPLEADO DEL SECTOR INDUSTRIAL,29/07/22,TELCEL,"SERVICIOS DE TELECOMUNICACION, LLAMADAS LOC Y LARG",digital,3.69,,,,,,,,,,,,,
fd882b966a126fa90f9af3d7be697c3e9e2d812b,Persona Fisica Sin Actividad Empresarial,EMPLEADO DEL SECTOR INDUSTRIAL,29/07/22,TELCEL,"SERVICIOS DE TELECOMUNICACION, LLAMADAS LOC Y LARG",digital,3.69,,,,,,,,,,,,,
fd882b966a126fa90f9af3d7be697c3e9e2d812b,Persona Fisica Sin Actividad Empresarial,EMPLEADO DEL SECTOR INDUSTRIAL,29/07/22,TELCEL,"SERVICIOS DE TELECOMUNICACION, LLAMADAS LOC Y LARG",digital,3.69,,,,,,,,,,,,,
fd882b966a126fa90f9af3d7be697c3e9e2d812b,Persona Fisica Sin Actividad Empresarial,EMPLEADO DEL SECTOR INDUSTRIAL,30/07/22,UBER,AGREGADOR,digital,14.02,,,,,,,,,,,,,
fd882b966a126fa90f9af3d7be697c3e9e2d812b,Persona Fisica Sin Actividad Empresarial,EMPLEADO DEL SECTOR INDUSTRIAL,30/07/22,TELCEL,"SERVICIOS DE TELECOMUNICACION, LLAMADAS LOC Y LARG",digital,11.73,,,,,,,,,,,,,
fd882b966a126fa90f9af3d7be697c3e9e2d812b,Persona Fisica Sin Actividad Empresarial,EMPLEADO DEL SECTOR INDUSTRIAL,31/07/22,ATT,"SERVICIOS DE TELECOMUNICACION, LLAMADAS LOC Y LARG",digital,11.73,,,,,,,,,,,,,
fd882b966a126fa90f9af3d7be697c3e9e2d812b,Persona Fisica Sin Actividad Empresarial,EMPLEADO DEL SECTOR INDUSTRIAL,01/08/22,TELCEL,"SERVICIOS DE TELECOMUNICACION, LLAMADAS LOC Y LARG",digital,3.69,,,,,,,,,,,,,
fd882b966a126fa90f9af3d7be697c3e9e2d812b,Persona Fisica Sin Actividad Empresarial,EMPLEADO DEL SECTOR INDUSTRIAL,01/08/22,TELCEL,SERVICIOS EMPRESARIALES - NO CLASIFICADOS,digital,5.99,,,,,,,,,,,,,
fd882b966a126fa90f9af3d7be697c3e9e2d812b,Persona Fisica Sin Actividad Empresarial,EMPLEADO DEL SECTOR INDUSTRIAL,01/08/22,UBEREATS,AGREGADOR,digital,32.52,,,,,,,,,,,,,
fd882b966a126fa90f9af3d7be697c3e9e2d812b,Persona Fisica Sin Actividad Empresarial,EMPLEADO DEL SECTOR INDUSTRIAL,02/08/22,OXXO,"TIENDAS DE CONVENIENCIA, MINISUPER",fisica,10.93,,,,,,,,,,,,,
fd882b966a126fa90f9af3d7be697c3e9e2d812b,Persona Fisica Sin Actividad Empresarial,EMPLEADO DEL SECTOR INDUSTRIAL,02/08/22,7ELEVEN,"TIENDAS DE CONVENIENCIA, MINISUPER",fisica,39.82,,,,,,,,,,,,,
fd882b966a126fa90f9af3d7be697c3e9e2d812b,Persona Fisica Sin Actividad Empresarial,EMPLEADO DEL SECTOR INDUSTRIAL,03/08/22,TELCEL,SERVICIOS EMPRESARIALES - NO CLASIFICADOS,digital,11.73,,,,,,,,,,,,,
fd882b966a126fa90f9af3d7be697c3e9e2d812b,Persona Fisica Sin Actividad Empresarial,EMPLEADO DEL SECTOR INDUSTRIAL,03/08/22,TELCEL,SERVICIOS EMPRESARIALES - NO CLASIFICADOS,digital,9.43,,,,,,,,,,,,,
fd882b966a126fa90f9af3d7be697c3e9e2d812b,Persona Fisica Sin Actividad Empresarial,EMPLEADO DEL SECTOR INDUSTRIAL,04/08/22,TELCEL,"SERVICIOS DE TELECOMUNICACION, LLAMADAS LOC Y LARG",digital,5.99,,,,,,,,,,,,,
fd882b966a126fa90f9af3d7be697c3e9e2d812b,Persona Fisica Sin Actividad Empresarial,EMPLEADO DEL SECTOR INDUSTRIAL,04/08/22,TELCEL,SERVICIOS EMPRESARIALES - NO CLASIFICADOS,digital,5.99,,,,,,,,,,,,,
fd882b966a126fa90f9af3d7be697c3e9e2d812b,Persona Fisica Sin Actividad Empresarial,EMPLEADO DEL SECTOR INDUSTRIAL,04/08/22,TELCEL,COMERCIOS ELECTRONICOS (VTAS POR INTERNET),digital,11.73,,,,,,,,,,,,,
fd882b966a126fa90f9af3d7be697c3e9e2d812b,Persona Fisica Sin Actividad Empresarial,EMPLEADO DEL SECTOR INDUSTRIAL,05/08/22,OXXO,"TIENDAS DE CONVENIENCIA, MINISUPER",fisica,12.76,,,,,,,,,,,,,
fd882b966a126fa90f9af3d7be697c3e9e2d812b,Persona Fisica Sin Actividad Empresarial,EMPLEADO DEL SECTOR INDUSTRIAL,05/08/22,UBEREATS,AGREGADOR,digital,25.54,,,,,,,,,,,,,
fd882b966a126fa90f9af3d7be697c3e9e2d812b,Persona Fisica Sin Actividad Empresarial,EMPLEADO DEL SECTOR INDUSTRIAL,10/08/22,SORIANA,AUTOSERVICIOS Y SUPERMERCADOS,fisica,16.21,,,,,,,,,,,,,
fd882b966a126fa90f9af3d7be697c3e9e2d812b,Persona Fisica Sin Actividad Empresarial,EMPLEADO DEL SECTOR INDUSTRIAL,10/08/22,OXXO,"TIENDAS DE CONVENIENCIA, MINISUPER",fisica,7.13,,,,,,,,,,,,,
fd882b966a126fa90f9af3d7be697c3e9e2d812b,Persona Fisica Sin Actividad Empresarial,EMPLEADO DEL SECTOR INDUSTRIAL,12/08/22,OXXO,"TIENDAS DE CONVENIENCIA, MINISUPER",fisica,4.15,,,,,,,,,,,,,
fd882b966a126fa90f9af3d7be697c3e9e2d812b,Persona Fisica Sin Actividad Empresarial,EMPLEADO DEL SECTOR INDUSTRIAL,14/08/22,TELCEL,"SERVICIOS DE TELECOMUNICACION, LLAMADAS LOC Y LARG",digital,11.73,,,,,,,,,,,,,
fd882b966a126fa90f9af3d7be697c3e9e2d812b,Persona Fisica Sin Actividad Empresarial,EMPLEADO DEL SECTOR INDUSTRIAL,14/08/22,ATT,"SERVICIOS DE TELECOMUNICACION, LLAMADAS LOC Y LARG",digital,11.73,,,,,,,,,,,,,
fd882b966a126fa90f9af3d7be697c3e9e2d812b,Persona Fisica Sin Actividad Empresarial,EMPLEADO DEL SECTOR INDUSTRIAL,15/08/22,TELCEL,"SERVICIOS DE TELECOMUNICACION, LLAMADAS LOC Y LARG",digital,11.73,,,,,,,,,,,,,
fd882b966a126fa90f9af3d7be697c3e9e2d812b,Persona Fisica Sin Actividad Empresarial,EMPLEADO DEL SECTOR INDUSTRIAL,15/08/22,UBEREATS,"TRASLADOS - FLETES, (SERVICIOS DE MENSAJERIA)",digital,57.68,,,,,,,,,,,,,
fd882b966a126fa90f9af3d7be697c3e9e2d812b,Persona Fisica Sin Actividad Empresarial,EMPLEADO DEL SECTOR INDUSTRIAL,17/08/22,TELCEL,"SERVICIOS DE TELECOMUNICACION, LLAMADAS LOC Y LARG",digital,11.73,,,,,,,,,,,,,
fd882b966a126fa90f9af3d7be697c3e9e2d812b,Persona Fisica Sin Actividad Empresarial,EMPLEADO DEL SECTOR INDUSTRIAL,17/08/22,TELCEL,"SERVICIOS DE TELECOMUNICACION, LLAMADAS LOC Y LARG",digital,1.96,,,,,,,,,,,,,
fd882b966a126fa90f9af3d7be697c3e9e2d812b,Persona Fisica Sin Actividad Empresarial,EMPLEADO DEL SECTOR INDUSTRIAL,17/08/22,TELCEL,COMERCIOS ELECTRONICOS (VTAS POR INTERNET),digital,1.96,,,,,,,,,,,,,
fd882b966a126fa90f9af3d7be697c3e9e2d812b,Persona Fisica Sin Actividad Empresarial,EMPLEADO DEL SECTOR INDUSTRIAL,17/08/22,TELCEL,COMERCIOS ELECTRONICOS (VTAS POR INTERNET),digital,1.96,,,,,,,,,,,,,
fd882b966a126fa90f9af3d7be697c3e9e2d812b,Persona Fisica Sin Actividad Empresarial,EMPLEADO DEL SECTOR INDUSTRIAL,17/08/22,TELCEL,COMERCIOS ELECTRONICOS (VTAS POR INTERNET),digital,1.96,,,,,,,,,,,,,
fd882b966a126fa90f9af3d7be697c3e9e2d812b,Persona Fisica Sin Actividad Empresarial,EMPLEADO DEL SECTOR INDUSTRIAL,17/08/22,TELCEL,COMERCIOS ELECTRONICOS (VTAS POR INTERNET),digital,1.96,,,,,,,,,,,,,
fd882b966a126fa90f9af3d7be697c3e9e2d812b,Persona Fisica Sin Actividad Empresarial,EMPLEADO DEL SECTOR INDUSTRIAL,17/08/22,TELCEL,COMERCIOS ELECTRONICOS (VTAS POR INTERNET),digital,1.96,,,,,,,,,,,,,
fd882b966a126fa90f9af3d7be697c3e9e2d812b,Persona Fisica Sin Actividad Empresarial,EMPLEADO DEL SECTOR INDUSTRIAL,18/08/22,UBER,AGREGADOR,digital,8.28,,,,,,,,,,,,,
fd882b966a126fa90f9af3d7be697c3e9e2d812b,Persona Fisica Sin Actividad Empresarial,EMPLEADO DEL SECTOR INDUSTRIAL,19/08/22,UBER,AGREGADOR,digital,8.28,,,,,,,,,,,,,
fd882b966a126fa90f9af3d7be697c3e9e2d812b,Persona Fisica Sin Actividad Empresarial,EMPLEADO DEL SECTOR INDUSTRIAL,19/08/22,UBER,"LIMOSINAS, (TAXIS)",digital,9.42,,,,,,,,,,,,,
fd882b966a126fa90f9af3d7be697c3e9e2d812b,Persona Fisica Sin Actividad Empresarial,EMPLEADO DEL SECTOR INDUSTRIAL,19/08/22,UBER,AGREGADOR,digital,15.17,,,,,,,,,,,,,
fd882b966a126fa90f9af3d7be697c3e9e2d812b,Persona Fisica Sin Actividad Empresarial,EMPLEADO DEL SECTOR INDUSTRIAL,31/08/22,TELCEL,SERVICIOS EMPRESARIALES - NO CLASIFICADOS,digital,11.73,,,,,,,,,,,,,
fd882b966a126fa90f9af3d7be697c3e9e2d812b,Persona Fisica Sin Actividad Empresarial,EMPLEADO DEL SECTOR INDUSTRIAL,31/08/22,TELCEL,SERVICIOS EMPRESARIALES - NO CLASIFICADOS,digital,5.99,,,,,,,,,,,,,
fd882b966a126fa90f9af3d7be697c3e9e2d812b,Persona Fisica Sin Actividad Empresarial,EMPLEADO DEL SECTOR INDUSTRIAL,31/08/22,COPPEL,TIENDA DEPARTAMENTAL,digital,43.09,,,,,,,,,,,,,
fd882b966a126fa90f9af3d7be697c3e9e2d812b,Persona Fisica Sin Actividad Empresarial,EMPLEADO DEL SECTOR INDUSTRIAL,31/08/22,TELCEL,SERVICIOS EMPRESARIALES - NO CLASIFICADOS,digital,11.73,,,,,,,,,,,,,
fd882b966a126fa90f9af3d7be697c3e9e2d812b,Persona Fisica Sin Actividad Empresarial,EMPLEADO DEL SECTOR INDUSTRIAL,31/08/22,TELCEL,SERVICIOS EMPRESARIALES - NO CLASIFICADOS,digital,5.99,,,,,,,,,,,,,
fd882b966a126fa90f9af3d7be697c3e9e2d812b,Persona Fisica Sin Actividad Empresarial,EMPLEADO DEL SECTOR INDUSTRIAL,01/09/22,TELCEL,SERVICIOS EMPRESARIALES - NO CLASIFICADOS,digital,5.99,,,,,,,,,,,,,
fd882b966a126fa90f9af3d7be697c3e9e2d812b,Persona Fisica Sin Actividad Empresarial,EMPLEADO DEL SECTOR INDUSTRIAL,01/09/22,UBER,AGREGADOR,digital,16.32,,,,,,,,,,,,,
fd882b966a126fa90f9af3d7be697c3e9e2d812b,Persona Fisica Sin Actividad Empresarial,EMPLEADO DEL SECTOR INDUSTRIAL,01/09/22,UBER,AGREGADOR,digital,18.31,,,,,,,,,,,,,
fd882b966a126fa90f9af3d7be697c3e9e2d812b,Persona Fisica Sin Actividad Empresarial,EMPLEADO DEL SECTOR INDUSTRIAL,01/09/22,TELCEL,SERVICIOS EMPRESARIALES - NO CLASIFICADOS,digital,11.73,,,,,,,,,,,,,
fd882b966a126fa90f9af3d7be697c3e9e2d812b,Persona Fisica Sin Actividad Empresarial,EMPLEADO DEL SECTOR INDUSTRIAL,02/09/22,7ELEVEN,"TIENDAS DE CONVENIENCIA, MINISUPER",fisica,7.42,,,,,,,,,,,,,
fd882b966a126fa90f9af3d7be697c3e9e2d812b,Persona Fisica Sin Actividad Empresarial,EMPLEADO DEL SECTOR INDUSTRIAL,13/09/22,TELCEL,SERVICIOS EMPRESARIALES - NO CLASIFICADOS,digital,11.73,,,,,,,,,,,,,
fd882b966a126fa90f9af3d7be697c3e9e2d812b,Persona Fisica Sin Actividad Empresarial,EMPLEADO DEL SECTOR INDUSTRIAL,14/09/22,TELCEL,"SERVICIOS DE TELECOMUNICACION, LLAMADAS LOC Y LARG",digital,11.73,,,,,,,,,,,,,
fd882b966a126fa90f9af3d7be697c3e9e2d812b,Persona Fisica Sin Actividad Empresarial,EMPLEADO DEL SECTOR INDUSTRIAL,14/09/22,SORIANA,AUTOSERVICIOS Y SUPERMERCADOS,fisica,37.92,,,,,,,,,,,,,
fd882b966a126fa90f9af3d7be697c3e9e2d812b,Persona Fisica Sin Actividad Empresarial,EMPLEADO DEL SECTOR INDUSTRIAL,14/09/22,ATT,"SERVICIOS DE TELECOMUNICACION, LLAMADAS LOC Y LARG",digital,11.73,,,,,,,,,,,,,
fd882b966a126fa90f9af3d7be697c3e9e2d812b,Persona Fisica Sin Actividad Empresarial,EMPLEADO DEL SECTOR INDUSTRIAL,15/09/22,COPPEL,TIENDA DEPARTAMENTAL,digital,39.3,,,,,,,,,,,,,
fd882b966a126fa90f9af3d7be697c3e9e2d812b,Persona Fisica Sin Actividad Empresarial,EMPLEADO DEL SECTOR INDUSTRIAL,18/09/22,UBEREATS,"TRASLADOS - FLETES, (SERVICIOS DE MENSAJERIA)",digital,30.83,,,,,,,,,,,,,
fd882b966a126fa90f9af3d7be697c3e9e2d812b,Persona Fisica Sin Actividad Empresarial,EMPLEADO DEL SECTOR INDUSTRIAL,19/09/22,7ELEVEN,"TIENDAS DE CONVENIENCIA, MINISUPER",fisica,27.35,,,,,,,,,,,,,
fd882b966a126fa90f9af3d7be697c3e9e2d812b,Persona Fisica Sin Actividad Empresarial,EMPLEADO DEL SECTOR INDUSTRIAL,20/09/22,7ELEVEN,"TIENDAS DE CONVENIENCIA, MINISUPER",fisica,22.59,,,,,,,,,,,,,
fd882b966a126fa90f9af3d7be697c3e9e2d812b,Persona Fisica Sin Actividad Empresarial,EMPLEADO DEL SECTOR INDUSTRIAL,22/09/22,COPPEL,TIENDA DEPARTAMENTAL,digital,18.62,,,,,,,,,,,,,
fd882b966a126fa90f9af3d7be697c3e9e2d812b,Persona Fisica Sin Actividad Empresarial,EMPLEADO DEL SECTOR INDUSTRIAL,25/09/22,7ELEVEN,"TIENDAS DE CONVENIENCIA, MINISUPER",fisica,5.41,,,,,,,,,,,,,
fd882b966a126fa90f9af3d7be697c3e9e2d812b,Persona Fisica Sin Actividad Empresarial,EMPLEADO DEL SECTOR INDUSTRIAL,27/09/22,OXXO,"TIENDAS DE CONVENIENCIA, MINISUPER",fisica,50.44,,,,,,,,,,,,,
fd882b966a126fa90f9af3d7be697c3e9e2d812b,Persona Fisica Sin Actividad Empresarial,EMPLEADO DEL SECTOR INDUSTRIAL,28/09/22,TELCEL,SERVICIOS EMPRESARIALES - NO CLASIFICADOS,digital,11.73,,,,,,,,,,,,,
fd882b966a126fa90f9af3d7be697c3e9e2d812b,Persona Fisica Sin Actividad Empresarial,EMPLEADO DEL SECTOR INDUSTRIAL,28/09/22,TELCEL,SERVICIOS EMPRESARIALES - NO CLASIFICADOS,digital,11.73,,,,,,,,,,,,,
fd882b966a126fa90f9af3d7be697c3e9e2d812b,Persona Fisica Sin Actividad Empresarial,EMPLEADO DEL SECTOR INDUSTRIAL,28/09/22,TELCEL,SERVICIOS EMPRESARIALES - NO CLASIFICADOS,digital,3.69,,,,,,,,,,,,,
fd882b966a126fa90f9af3d7be697c3e9e2d812b,Persona Fisica Sin Actividad Empresarial,EMPLEADO DEL SECTOR INDUSTRIAL,28/09/22,UBER,AGREGADOR,digital,15.16,,,,,,,,,,,,,
fd882b966a126fa90f9af3d7be697c3e9e2d812b,Persona Fisica Sin Actividad Empresarial,EMPLEADO DEL SECTOR INDUSTRIAL,28/09/22,UBER,AGREGADOR,digital,16.31,,,,,,,,,,,,,
fd882b966a126fa90f9af3d7be697c3e9e2d812b,Persona Fisica Sin Actividad Empresarial,EMPLEADO DEL SECTOR INDUSTRIAL,28/09/22,TELCEL,SERVICIOS EMPRESARIALES - NO CLASIFICADOS,digital,5.99,,,,,,,,,,,,,
fd882b966a126fa90f9af3d7be697c3e9e2d812b,Persona Fisica Sin Actividad Empresarial,EMPLEADO DEL SECTOR INDUSTRIAL,28/09/22,UBER,AGREGADOR,digital,20.91,,,,,,,,,,,,,
fd882b966a126fa90f9af3d7be697c3e9e2d812b,Persona Fisica Sin Actividad Empresarial,EMPLEADO DEL SECTOR INDUSTRIAL,29/09/22,UBER,AGREGADOR,digital,15.17,,,,,,,,,,,,,
fd882b966a126fa90f9af3d7be697c3e9e2d812b,Persona Fisica Sin Actividad Empresarial,EMPLEADO DEL SECTOR INDUSTRIAL,29/09/22,TELCEL,SERVICIOS EMPRESARIALES - NO CLASIFICADOS,digital,3.69,,,,,,,,,,,,,
fd882b966a126fa90f9af3d7be697c3e9e2d812b,Persona Fisica Sin Actividad Empresarial,EMPLEADO DEL SECTOR INDUSTRIAL,29/09/22,TELCEL,SERVICIOS EMPRESARIALES - NO CLASIFICADOS,digital,1.96,,,,,,,,,,,,,
fd882b966a126fa90f9af3d7be697c3e9e2d812b,Persona Fisica Sin Actividad Empresarial,EMPLEADO DEL SECTOR INDUSTRIAL,29/09/22,TELCEL,COMERCIOS ELECTRONICOS (VTAS POR INTERNET),digital,1.96,,,,,,,,,,,,,
fd882b966a126fa90f9af3d7be697c3e9e2d812b,Persona Fisica Sin Actividad Empresarial,EMPLEADO DEL SECTOR INDUSTRIAL,29/09/22,TELCEL,SERVICIOS EMPRESARIALES - NO CLASIFICADOS,digital,1.96,,,,,,,,,,,,,
fd882b966a126fa90f9af3d7be697c3e9e2d812b,Persona Fisica Sin Actividad Empresarial,EMPLEADO DEL SECTOR INDUSTRIAL,29/09/22,TELCEL,"SERVICIOS DE TELECOMUNICACION, LLAMADAS LOC Y LARG",digital,1.96,,,,,,,,,,,,,
fd882b966a126fa90f9af3d7be697c3e9e2d812b,Persona Fisica Sin Actividad Empresarial,EMPLEADO DEL SECTOR INDUSTRIAL,29/09/22,TELCEL,SERVICIOS EMPRESARIALES - NO CLASIFICADOS,digital,11.73,,,,,,,,,,,,,
fd882b966a126fa90f9af3d7be697c3e9e2d812b,Persona Fisica Sin Actividad Empresarial,EMPLEADO DEL SECTOR INDUSTRIAL,29/09/22,TELCEL,SERVICIOS EMPRESARIALES - NO CLASIFICADOS,digital,1.96,,,,,,,,,,,,,
fd882b966a126fa90f9af3d7be697c3e9e2d812b,Persona Fisica Sin Actividad Empresarial,EMPLEADO DEL SECTOR INDUSTRIAL,29/09/22,TELCEL,SERVICIOS EMPRESARIALES - NO CLASIFICADOS,digital,1.96,,,,,,,,,,,,,
fd882b966a126fa90f9af3d7be697c3e9e2d812b,Persona Fisica Sin Actividad Empresarial,EMPLEADO DEL SECTOR INDUSTRIAL,30/09/22,UBER,AGREGADOR,digital,7.13,,,,,,,,,,,,,
fd882b966a126fa90f9af3d7be697c3e9e2d812b,Persona Fisica Sin Actividad Empresarial,EMPLEADO DEL SECTOR INDUSTRIAL,30/09/22,UBER,AGREGADOR,digital,9.43,,,,,,,,,,,,,
fd882b966a126fa90f9af3d7be697c3e9e2d812b,Persona Fisica Sin Actividad Empresarial,EMPLEADO DEL SECTOR INDUSTRIAL,30/09/22,COPPEL,TIENDA DEPARTAMENTAL,digital,18.28,,,,,,,,,,,,,
fd882b966a126fa90f9af3d7be697c3e9e2d812b,Persona Fisica Sin Actividad Empresarial,EMPLEADO DEL SECTOR INDUSTRIAL,07/10/22,ATT,"SERVICIOS DE TELECOMUNICACION, LLAMADAS LOC Y LARG",digital,11.73,,,,,,,,,,,,,
fd882b966a126fa90f9af3d7be697c3e9e2d812b,Persona Fisica Sin Actividad Empresarial,EMPLEADO DEL SECTOR INDUSTRIAL,09/10/22,OXXO,"TIENDAS DE CONVENIENCIA, MINISUPER",fisica,22.36,,,,,,,,,,,,,
fd882b966a126fa90f9af3d7be697c3e9e2d812b,Persona Fisica Sin Actividad Empresarial,EMPLEADO DEL SECTOR INDUSTRIAL,12/10/22,7ELEVEN,"TIENDAS DE CONVENIENCIA, MINISUPER",fisica,3.4,,,,,,,,,,,,,
fd882b966a126fa90f9af3d7be697c3e9e2d812b,Persona Fisica Sin Actividad Empresarial,EMPLEADO DEL SECTOR INDUSTRIAL,12/10/22,TELCEL,"SERVICIOS DE TELECOMUNICACION, LLAMADAS LOC Y LARG",digital,11.73,,,,,,,,,,,,,
fd882b966a126fa90f9af3d7be697c3e9e2d812b,Persona Fisica Sin Actividad Empresarial,EMPLEADO DEL SECTOR INDUSTRIAL,12/10/22,OXXO,"TIENDAS DE CONVENIENCIA, MINISUPER",fisica,41.25,,,,,,,,,,,,,
fd882b966a126fa90f9af3d7be697c3e9e2d812b,Persona Fisica Sin Actividad Empresarial,EMPLEADO DEL SECTOR INDUSTRIAL,15/10/22,TELCEL,SERVICIOS EMPRESARIALES - NO CLASIFICADOS,digital,11.73,,,,,,,,,,,,,
fd882b966a126fa90f9af3d7be697c3e9e2d812b,Persona Fisica Sin Actividad Empresarial,EMPLEADO DEL SECTOR INDUSTRIAL,15/10/22,TELCEL,"SERVICIOS DE TELECOMUNICACION, LLAMADAS LOC Y LARG",digital,11.73,,,,,,,,,,,,,
fd882b966a126fa90f9af3d7be697c3e9e2d812b,Persona Fisica Sin Actividad Empresarial,EMPLEADO DEL SECTOR INDUSTRIAL,15/10/22,CINEPOLIS,"CINES, TEATROS",fisica,37.81,,,,,,,,,,,,,
fd882b966a126fa90f9af3d7be697c3e9e2d812b,Persona Fisica Sin Actividad Empresarial,EMPLEADO DEL SECTOR INDUSTRIAL,16/10/22,7ELEVEN,"TIENDAS DE CONVENIENCIA, MINISUPER",fisica,13.68,,,,,,,,,,,,,
fd882b966a126fa90f9af3d7be697c3e9e2d812b,Persona Fisica Sin Actividad Empresarial,EMPLEADO DEL SECTOR INDUSTRIAL,16/10/22,TELCEL,SERVICIOS EMPRESARIALES - NO CLASIFICADOS,digital,11.73,,,,,,,,,,,,,
fd882b966a126fa90f9af3d7be697c3e9e2d812b,Persona Fisica Sin Actividad Empresarial,EMPLEADO DEL SECTOR INDUSTRIAL,17/10/22,7ELEVEN,"TIENDAS DE CONVENIENCIA, MINISUPER",fisica,9.37,,,,,,,,,,,,,
fd882b966a126fa90f9af3d7be697c3e9e2d812b,Persona Fisica Sin Actividad Empresarial,EMPLEADO DEL SECTOR INDUSTRIAL,19/10/22,TELCEL,"SERVICIOS DE TELECOMUNICACION, LLAMADAS LOC Y LARG",digital,11.73,,,,,,,,,,,,,
fd882b966a126fa90f9af3d7be697c3e9e2d812b,Persona Fisica Sin Actividad Empresarial,EMPLEADO DEL SECTOR INDUSTRIAL,19/10/22,OXXO,"TIENDAS DE CONVENIENCIA, MINISUPER",fisica,41.25,,,,,,,,,,,,,
fd882b966a126fa90f9af3d7be697c3e9e2d812b,Persona Fisica Sin Actividad Empresarial,EMPLEADO DEL SECTOR INDUSTRIAL,19/10/22,UBEREATS,AGREGADOR,digital,17.61,,,,,,,,,,,,,
fd882b966a126fa90f9af3d7be697c3e9e2d812b,Persona Fisica Sin Actividad Empresarial,EMPLEADO DEL SECTOR INDUSTRIAL,22/10/22,TELCEL,COMERCIOS ELECTRONICOS (VTAS POR INTERNET),digital,11.73,,,,,,,,,,,,,
fd882b966a126fa90f9af3d7be697c3e9e2d812b,Persona Fisica Sin Actividad Empresarial,EMPLEADO DEL SECTOR INDUSTRIAL,22/10/22,7ELEVEN,"TIENDAS DE CONVENIENCIA, MINISUPER",fisica,7.25,,,,,,,,,,,,,
fd882b966a126fa90f9af3d7be697c3e9e2d812b,Persona Fisica Sin Actividad Empresarial,EMPLEADO DEL SECTOR INDUSTRIAL,22/10/22,CINEPOLIS,"CINES, TEATROS",digital,19.31,,,,,,,,,,,,,
fd882b966a126fa90f9af3d7be697c3e9e2d812b,Persona Fisica Sin Actividad Empresarial,EMPLEADO DEL SECTOR INDUSTRIAL,22/10/22,CINEPOLIS,"CINES, TEATROS",digital,20.81,,,,,,,,,,,,,
fd882b966a126fa90f9af3d7be697c3e9e2d812b,Persona Fisica Sin Actividad Empresarial,EMPLEADO DEL SECTOR INDUSTRIAL,22/10/22,CINEPOLIS,"CINES, TEATROS",fisica,40.45,,,,,,,,,,,,,
fd882b966a126fa90f9af3d7be697c3e9e2d812b,Persona Fisica Sin Actividad Empresarial,EMPLEADO DEL SECTOR INDUSTRIAL,24/10/22,OXXO,"TIENDAS DE CONVENIENCIA, MINISUPER",fisica,2.48,,,,,,,,,,,,,
fd882b966a126fa90f9af3d7be697c3e9e2d812b,Persona Fisica Sin Actividad Empresarial,EMPLEADO DEL SECTOR INDUSTRIAL,24/10/22,ATT,"SERVICIOS DE TELECOMUNICACION, LLAMADAS LOC Y LARG",digital,5.99,,,,,,,,,,,,,
fd882b966a126fa90f9af3d7be697c3e9e2d812b,Persona Fisica Sin Actividad Empresarial,EMPLEADO DEL SECTOR INDUSTRIAL,24/10/22,SORIANA,AUTOSERVICIOS Y SUPERMERCADOS,fisica,16.21,,,,,,,,,,,,,
fd882b966a126fa90f9af3d7be697c3e9e2d812b,Persona Fisica Sin Actividad Empresarial,EMPLEADO DEL SECTOR INDUSTRIAL,30/10/22,OXXO,"TIENDAS DE CONVENIENCIA, MINISUPER",fisica,50.33,,,,,,,,,,,,,
fd882b966a126fa90f9af3d7be697c3e9e2d812b,Persona Fisica Sin Actividad Empresarial,EMPLEADO DEL SECTOR INDUSTRIAL,31/10/22,TELCEL,"SERVICIOS DE TELECOMUNICACION, LLAMADAS LOC Y LARG",digital,11.73,,,,,,,,,,,,,
fd882b966a126fa90f9af3d7be697c3e9e2d812b,Persona Fisica Sin Actividad Empresarial,EMPLEADO DEL SECTOR INDUSTRIAL,31/10/22,TELCEL,"SERVICIOS DE TELECOMUNICACION, LLAMADAS LOC Y LARG",digital,3.69,,,,,,,,,,,,,
fd882b966a126fa90f9af3d7be697c3e9e2d812b,Persona Fisica Sin Actividad Empresarial,EMPLEADO DEL SECTOR INDUSTRIAL,01/11/22,7ELEVEN,"TIENDAS DE CONVENIENCIA, MINISUPER",fisica,4.78,,,,,,,,,,,,,
fd882b966a126fa90f9af3d7be697c3e9e2d812b,Persona Fisica Sin Actividad Empresarial,EMPLEADO DEL SECTOR INDUSTRIAL,02/11/22,BET365,CASINOS CASAS DE JUEGO (APUESTAS INCLUYE BILLETES),digital,11.73,,,,,,,,,,,,,
fd882b966a126fa90f9af3d7be697c3e9e2d812b,Persona Fisica Sin Actividad Empresarial,EMPLEADO DEL SECTOR INDUSTRIAL,05/11/22,ATT,"SERVICIOS DE TELECOMUNICACION, LLAMADAS LOC Y LARG",digital,11.73,,,,,,,,,,,,,
fd882b966a126fa90f9af3d7be697c3e9e2d812b,Persona Fisica Sin Actividad Empresarial,EMPLEADO DEL SECTOR INDUSTRIAL,05/11/22,7ELEVEN,"TIENDAS DE CONVENIENCIA, MINISUPER",fisica,3.4,,,,,,,,,,,,,
fd882b966a126fa90f9af3d7be697c3e9e2d812b,Persona Fisica Sin Actividad Empresarial,EMPLEADO DEL SECTOR INDUSTRIAL,05/11/22,BET365,CASINOS CASAS DE JUEGO (APUESTAS INCLUYE BILLETES),digital,11.73,,,,,,,,,,,,,
fd882b966a126fa90f9af3d7be697c3e9e2d812b,Persona Fisica Sin Actividad Empresarial,EMPLEADO DEL SECTOR INDUSTRIAL,07/11/22,7ELEVEN,"TIENDAS DE CONVENIENCIA, MINISUPER",fisica,3.4,,,,,,,,,,,,,
fd882b966a126fa90f9af3d7be697c3e9e2d812b,Persona Fisica Sin Actividad Empresarial,EMPLEADO DEL SECTOR INDUSTRIAL,07/11/22,OXXO,"TIENDAS DE CONVENIENCIA, MINISUPER",fisica,13.28,,,,,,,,,,,,,
fd882b966a126fa90f9af3d7be697c3e9e2d812b,Persona Fisica Sin Actividad Empresarial,EMPLEADO DEL SECTOR INDUSTRIAL,07/11/22,TELCEL,SERVICIOS EMPRESARIALES - NO CLASIFICADOS,digital,3.69,,,,,,,,,,,,,
fd882b966a126fa90f9af3d7be697c3e9e2d812b,Persona Fisica Sin Actividad Empresarial,EMPLEADO DEL SECTOR INDUSTRIAL,07/11/22,7ELEVEN,"TIENDAS DE CONVENIENCIA, MINISUPER",fisica,17.3,,,,,,,,,,,,,
fd882b966a126fa90f9af3d7be697c3e9e2d812b,Persona Fisica Sin Actividad Empresarial,EMPLEADO DEL SECTOR INDUSTRIAL,08/11/22,UBEREATS,"TRASLADOS - FLETES, (SERVICIOS DE MENSAJERIA)",digital,28.65,,,,,,,,,,,,,
fd882b966a126fa90f9af3d7be697c3e9e2d812b,Persona Fisica Sin Actividad Empresarial,EMPLEADO DEL SECTOR INDUSTRIAL,09/11/22,7ELEVEN,"TIENDAS DE CONVENIENCIA, MINISUPER",fisica,8.92,,,,,,,,,,,,,
fd882b966a126fa90f9af3d7be697c3e9e2d812b,Persona Fisica Sin Actividad Empresarial,EMPLEADO DEL SECTOR INDUSTRIAL,09/11/22,TELCEL,SERVICIOS EMPRESARIALES - NO CLASIFICADOS,digital,2.54,,,,,,,,,,,,,
fd882b966a126fa90f9af3d7be697c3e9e2d812b,Persona Fisica Sin Actividad Empresarial,EMPLEADO DEL SECTOR INDUSTRIAL,09/11/22,TELCEL,SERVICIOS EMPRESARIALES - NO CLASIFICADOS,digital,11.73,,,,,,,,,,,,,
fd882b966a126fa90f9af3d7be697c3e9e2d812b,Persona Fisica Sin Actividad Empresarial,EMPLEADO DEL SECTOR INDUSTRIAL,09/11/22,TELCEL,SERVICIOS EMPRESARIALES - NO CLASIFICADOS,digital,5.99,,,,,,,,,,,,,
fd882b966a126fa90f9af3d7be697c3e9e2d812b,Persona Fisica Sin Actividad Empresarial,EMPLEADO DEL SECTOR INDUSTRIAL,09/11/22,TELCEL,COMERCIOS ELECTRONICOS (VTAS POR INTERNET),digital,1.96,,,,,,,,,,,,,
fd882b966a126fa90f9af3d7be697c3e9e2d812b,Persona Fisica Sin Actividad Empresarial,EMPLEADO DEL SECTOR INDUSTRIAL,09/11/22,7ELEVEN,"TIENDAS DE CONVENIENCIA, MINISUPER",fisica,32.93,,,,,,,,,,,,,
fd882b966a126fa90f9af3d7be697c3e9e2d812b,Persona Fisica Sin Actividad Empresarial,EMPLEADO DEL SECTOR INDUSTRIAL,10/11/22,TELCEL,SERVICIOS EMPRESARIALES - NO CLASIFICADOS,digital,5.99,,,,,,,,,,,,,
fd882b966a126fa90f9af3d7be697c3e9e2d812b,Persona Fisica Sin Actividad Empresarial,EMPLEADO DEL SECTOR INDUSTRIAL,10/11/22,TELCEL,SERVICIOS EMPRESARIALES - NO CLASIFICADOS,digital,5.99,,,,,,,,,,,,,
fd882b966a126fa90f9af3d7be697c3e9e2d812b,Persona Fisica Sin Actividad Empresarial,EMPLEADO DEL SECTOR INDUSTRIAL,10/11/22,UBER,"LIMOSINAS, (TAXIS)",digital,7.09,,,,,,,,,,,,,
fd882b966a126fa90f9af3d7be697c3e9e2d812b,Persona Fisica Sin Actividad Empresarial,EMPLEADO DEL SECTOR INDUSTRIAL,11/11/22,UBER,AGREGADOR,digital,7.13,,,,,,,,,,,,,
fd882b966a126fa90f9af3d7be697c3e9e2d812b,Persona Fisica Sin Actividad Empresarial,EMPLEADO DEL SECTOR INDUSTRIAL,11/11/22,7ELEVEN,"TIENDAS DE CONVENIENCIA, MINISUPER",fisica,11.5,,,,,,,,,,,,,
fd882b966a126fa90f9af3d7be697c3e9e2d812b,Persona Fisica Sin Actividad Empresarial,EMPLEADO DEL SECTOR INDUSTRIAL,11/11/22,7ELEVEN,"TIENDAS DE CONVENIENCIA, MINISUPER",fisica,8.92,,,,,,,,,,,,,
fd882b966a126fa90f9af3d7be697c3e9e2d812b,Persona Fisica Sin Actividad Empresarial,EMPLEADO DEL SECTOR INDUSTRIAL,14/11/22,UBEREATS,AGREGADOR,digital,60.16,,,,,,,,,,,,,
fd882b966a126fa90f9af3d7be697c3e9e2d812b,Persona Fisica Sin Actividad Empresarial,EMPLEADO DEL SECTOR INDUSTRIAL,14/11/22,UBEREATS,"TRASLADOS - FLETES, (SERVICIOS DE MENSAJERIA)",digital,3.1,,,,,,,,,,,,,
fd882b966a126fa90f9af3d7be697c3e9e2d812b,Persona Fisica Sin Actividad Empresarial,EMPLEADO DEL SECTOR INDUSTRIAL,15/11/22,BET365,CASINOS CASAS DE JUEGO (APUESTAS INCLUYE BILLETES),digital,11.73,,,,,,,,,,,,,
fd882b966a126fa90f9af3d7be697c3e9e2d812b,Persona Fisica Sin Actividad Empresarial,EMPLEADO DEL SECTOR INDUSTRIAL,15/11/22,UBEREATS,AGREGADOR,digital,30.83,,,,,,,,,,,,,
fd882b966a126fa90f9af3d7be697c3e9e2d812b,Persona Fisica Sin Actividad Empresarial,EMPLEADO DEL SECTOR INDUSTRIAL,17/11/22,BET365,CASINOS CASAS DE JUEGO (APUESTAS INCLUYE BILLETES),digital,23.22,,,,,,,,,,,,,
fd882b966a126fa90f9af3d7be697c3e9e2d812b,Persona Fisica Sin Actividad Empresarial,EMPLEADO DEL SECTOR INDUSTRIAL,17/11/22,BET365,CASINOS CASAS DE JUEGO (APUESTAS INCLUYE BILLETES),digital,11.73,,,,,,,,,,,,,
fd882b966a126fa90f9af3d7be697c3e9e2d812b,Persona Fisica Sin Actividad Empresarial,EMPLEADO DEL SECTOR INDUSTRIAL,19/11/22,BET365,CASINOS CASAS DE JUEGO (APUESTAS INCLUYE BILLETES),digital,11.73,,,,,,,,,,,,,
fd882b966a126fa90f9af3d7be697c3e9e2d812b,Persona Fisica Sin Actividad Empresarial,EMPLEADO DEL SECTOR INDUSTRIAL,20/11/22,FARMACIASGUADALAJARA,"DROGUERIAS, (FARMACIAS)",fisica,12.12,,,,,,,,,,,,,
fd882b966a126fa90f9af3d7be697c3e9e2d812b,Persona Fisica Sin Actividad Empresarial,EMPLEADO DEL SECTOR INDUSTRIAL,22/11/22,BET365,CASINOS CASAS DE JUEGO (APUESTAS INCLUYE BILLETES),digital,11.73,,,,,,,,,,,,,
fd882b966a126fa90f9af3d7be697c3e9e2d812b,Persona Fisica Sin Actividad Empresarial,EMPLEADO DEL SECTOR INDUSTRIAL,26/11/22,7ELEVEN,"TIENDAS DE CONVENIENCIA, MINISUPER",fisica,3.4,,,,,,,,,,,,,
fd882b966a126fa90f9af3d7be697c3e9e2d812b,Persona Fisica Sin Actividad Empresarial,EMPLEADO DEL SECTOR INDUSTRIAL,26/11/22,7ELEVEN,"TIENDAS DE CONVENIENCIA, MINISUPER",fisica,1.62,,,,,,,,,,,,,
fd882b966a126fa90f9af3d7be697c3e9e2d812b,Persona Fisica Sin Actividad Empresarial,EMPLEADO DEL SECTOR INDUSTRIAL,30/11/22,7ELEVEN,"TIENDAS DE CONVENIENCIA, MINISUPER",fisica,3.4,,,,,,,,,,,,,
fd882b966a126fa90f9af3d7be697c3e9e2d812b,Persona Fisica Sin Actividad Empresarial,EMPLEADO DEL SECTOR INDUSTRIAL,30/11/22,7ELEVEN,"TIENDAS DE CONVENIENCIA, MINISUPER",fisica,38.55,,,,,,,,,,,,,
fd882b966a126fa90f9af3d7be697c3e9e2d812b,Persona Fisica Sin Actividad Empresarial,EMPLEADO DEL SECTOR INDUSTRIAL,30/11/22,TELCEL,SERVICIOS EMPRESARIALES - NO CLASIFICADOS,digital,9.43,,,,,,,,,,,,,
fd882b966a126fa90f9af3d7be697c3e9e2d812b,Persona Fisica Sin Actividad Empresarial,EMPLEADO DEL SECTOR INDUSTRIAL,01/12/22,TELCEL,SERVICIOS EMPRESARIALES - NO CLASIFICADOS,digital,9.43,,,,,,,,,,,,,
fd882b966a126fa90f9af3d7be697c3e9e2d812b,Persona Fisica Sin Actividad Empresarial,EMPLEADO DEL SECTOR INDUSTRIAL,01/12/22,TELCEL,SERVICIOS EMPRESARIALES - NO CLASIFICADOS,digital,9.43,,,,,,,,,,,,,
fd882b966a126fa90f9af3d7be697c3e9e2d812b,Persona Fisica Sin Actividad Empresarial,EMPLEADO DEL SECTOR INDUSTRIAL,01/12/22,TELCEL,SERVICIOS EMPRESARIALES - NO CLASIFICADOS,digital,5.99,,,,,,,,,,,,,
fd882b966a126fa90f9af3d7be697c3e9e2d812b,Persona Fisica Sin Actividad Empresarial,EMPLEADO DEL SECTOR INDUSTRIAL,01/12/22,TELCEL,SERVICIOS EMPRESARIALES - NO CLASIFICADOS,digital,11.73,,,,,,,,,,,,,
fd882b966a126fa90f9af3d7be697c3e9e2d812b,Persona Fisica Sin Actividad Empresarial,EMPLEADO DEL SECTOR INDUSTRIAL,01/12/22,TELCEL,"SERVICIOS DE TELECOMUNICACION, LLAMADAS LOC Y LARG",digital,5.99,,,,,,,,,,,,,
fd882b966a126fa90f9af3d7be697c3e9e2d812b,Persona Fisica Sin Actividad Empresarial,EMPLEADO DEL SECTOR INDUSTRIAL,02/12/22,TELCEL,SERVICIOS EMPRESARIALES - NO CLASIFICADOS,digital,3.69,,,,,,,,,,,,,
fd882b966a126fa90f9af3d7be697c3e9e2d812b,Persona Fisica Sin Actividad Empresarial,EMPLEADO DEL SECTOR INDUSTRIAL,02/12/22,7ELEVEN,"TIENDAS DE CONVENIENCIA, MINISUPER",fisica,10.35,,,,,,,,,,,,,
fd882b966a126fa90f9af3d7be697c3e9e2d812b,Persona Fisica Sin Actividad Empresarial,EMPLEADO DEL SECTOR INDUSTRIAL,03/12/22,7ELEVEN,"TIENDAS DE CONVENIENCIA, MINISUPER",fisica,3.4,,,,,,,,,,,,,
fd882b966a126fa90f9af3d7be697c3e9e2d812b,Persona Fisica Sin Actividad Empresarial,EMPLEADO DEL SECTOR INDUSTRIAL,04/12/22,7ELEVEN,"TIENDAS DE CONVENIENCIA, MINISUPER",fisica,3.4,,,,,,,,,,,,,
fd882b966a126fa90f9af3d7be697c3e9e2d812b,Persona Fisica Sin Actividad Empresarial,EMPLEADO DEL SECTOR INDUSTRIAL,06/12/22,7ELEVEN,"TIENDAS DE CONVENIENCIA, MINISUPER",fisica,3.4,,,,,,,,,,,,,
fd882b966a126fa90f9af3d7be697c3e9e2d812b,Persona Fisica Sin Actividad Empresarial,EMPLEADO DEL SECTOR INDUSTRIAL,06/12/22,7ELEVEN,"TIENDAS DE CONVENIENCIA, MINISUPER",fisica,3,,,,,,,,,,,,,
fd882b966a126fa90f9af3d7be697c3e9e2d812b,Persona Fisica Sin Actividad Empresarial,EMPLEADO DEL SECTOR INDUSTRIAL,07/12/22,7ELEVEN,"TIENDAS DE CONVENIENCIA, MINISUPER",fisica,3.4,,,,,,,,,,,,,
fd882b966a126fa90f9af3d7be697c3e9e2d812b,Persona Fisica Sin Actividad Empresarial,EMPLEADO DEL SECTOR INDUSTRIAL,07/12/22,TELCEL,SERVICIOS EMPRESARIALES - NO CLASIFICADOS,digital,3.69,,,,,,,,,,,,,
fd882b966a126fa90f9af3d7be697c3e9e2d812b,Persona Fisica Sin Actividad Empresarial,EMPLEADO DEL SECTOR INDUSTRIAL,07/12/22,7ELEVEN,"TIENDAS DE CONVENIENCIA, MINISUPER",fisica,79.85,,,,,,,,,,,,,
fd882b966a126fa90f9af3d7be697c3e9e2d812b,Persona Fisica Sin Actividad Empresarial,EMPLEADO DEL SECTOR INDUSTRIAL,07/12/22,TELCEL,SERVICIOS EMPRESARIALES - NO CLASIFICADOS,digital,11.73,,,,,,,,,,,,,
fd882b966a126fa90f9af3d7be697c3e9e2d812b,Persona Fisica Sin Actividad Empresarial,EMPLEADO DEL SECTOR INDUSTRIAL,08/12/22,TELCEL,"SERVICIOS DE TELECOMUNICACION, LLAMADAS LOC Y LARG",digital,11.73,,,,,,,,,,,,,
fd882b966a126fa90f9af3d7be697c3e9e2d812b,Persona Fisica Sin Actividad Empresarial,EMPLEADO DEL SECTOR INDUSTRIAL,08/12/22,TELCEL,SERVICIOS EMPRESARIALES - NO CLASIFICADOS,digital,1.96,,,,,,,,,,,,,
fd882b966a126fa90f9af3d7be697c3e9e2d812b,Persona Fisica Sin Actividad Empresarial,EMPLEADO DEL SECTOR INDUSTRIAL,08/12/22,TELCEL,SERVICIOS EMPRESARIALES - NO CLASIFICADOS,digital,9.43,,,,,,,,,,,,,
fd882b966a126fa90f9af3d7be697c3e9e2d812b,Persona Fisica Sin Actividad Empresarial,EMPLEADO DEL SECTOR INDUSTRIAL,08/12/22,UBEREATS,"TRASLADOS - FLETES, (SERVICIOS DE MENSAJERIA)",digital,36.98,,,,,,,,,,,,,
fd882b966a126fa90f9af3d7be697c3e9e2d812b,Persona Fisica Sin Actividad Empresarial,EMPLEADO DEL SECTOR INDUSTRIAL,09/12/22,7ELEVEN,"TIENDAS DE CONVENIENCIA, MINISUPER",fisica,3.4,,,,,,,,,,,,,
fd882b966a126fa90f9af3d7be697c3e9e2d812b,Persona Fisica Sin Actividad Empresarial,EMPLEADO DEL SECTOR INDUSTRIAL,09/12/22,AMAZONPRIME,COMERCIOS ELECTRONICOS (VTAS POR INTERNET),digital,2.54,,,,,,,,,,,,,
fd882b966a126fa90f9af3d7be697c3e9e2d812b,Persona Fisica Sin Actividad Empresarial,EMPLEADO DEL SECTOR INDUSTRIAL,09/12/22,AMAZON,COMERCIOS ELECTRONICOS (VTAS POR INTERNET),digital,23.1,,,,,,,,,,,,,
fd882b966a126fa90f9af3d7be697c3e9e2d812b,Persona Fisica Sin Actividad Empresarial,EMPLEADO DEL SECTOR INDUSTRIAL,09/12/22,BET365,CASINOS CASAS DE JUEGO (APUESTAS INCLUYE BILLETES),digital,23.22,,,,,,,,,,,,,
fd882b966a126fa90f9af3d7be697c3e9e2d812b,Persona Fisica Sin Actividad Empresarial,EMPLEADO DEL SECTOR INDUSTRIAL,10/12/22,7ELEVEN,"TIENDAS DE CONVENIENCIA, MINISUPER",fisica,3.4,,,,,,,,,,,,,
fd882b966a126fa90f9af3d7be697c3e9e2d812b,Persona Fisica Sin Actividad Empresarial,EMPLEADO DEL SECTOR INDUSTRIAL,10/12/22,7ELEVEN,"TIENDAS DE CONVENIENCIA, MINISUPER",fisica,51.71,,,,,,,,,,,,,
fd882b966a126fa90f9af3d7be697c3e9e2d812b,Persona Fisica Sin Actividad Empresarial,EMPLEADO DEL SECTOR INDUSTRIAL,11/12/22,7ELEVEN,"TIENDAS DE CONVENIENCIA, MINISUPER",fisica,4.72,,,,,,,,,,,,,
fd882b966a126fa90f9af3d7be697c3e9e2d812b,Persona Fisica Sin Actividad Empresarial,EMPLEADO DEL SECTOR INDUSTRIAL,12/12/22,UBER,AGREGADOR,digital,12.88,,,,,,,,,,,,,
fd882b966a126fa90f9af3d7be697c3e9e2d812b,Persona Fisica Sin Actividad Empresarial,EMPLEADO DEL SECTOR INDUSTRIAL,12/12/22,UBER,AGREGADOR,digital,12.87,,,,,,,,,,,,,
fd882b966a126fa90f9af3d7be697c3e9e2d812b,Persona Fisica Sin Actividad Empresarial,EMPLEADO DEL SECTOR INDUSTRIAL,12/12/22,TELCEL,SERVICIOS EMPRESARIALES - NO CLASIFICADOS,digital,11.73,,,,,,,,,,,,,
fd882b966a126fa90f9af3d7be697c3e9e2d812b,Persona Fisica Sin Actividad Empresarial,EMPLEADO DEL SECTOR INDUSTRIAL,14/12/22,7ELEVEN,"TIENDAS DE CONVENIENCIA, MINISUPER",fisica,3.4,,,,,,,,,,,,,
fd882b966a126fa90f9af3d7be697c3e9e2d812b,Persona Fisica Sin Actividad Empresarial,EMPLEADO DEL SECTOR INDUSTRIAL,14/12/22,7ELEVEN,"TIENDAS DE CONVENIENCIA, MINISUPER",fisica,80.08,,,,,,,,,,,,,
fd882b966a126fa90f9af3d7be697c3e9e2d812b,Persona Fisica Sin Actividad Empresarial,EMPLEADO DEL SECTOR INDUSTRIAL,14/12/22,TELCEL,SERVICIOS EMPRESARIALES - NO CLASIFICADOS,digital,11.73,,,,,,,,,,,,,
fd882b966a126fa90f9af3d7be697c3e9e2d812b,Persona Fisica Sin Actividad Empresarial,EMPLEADO DEL SECTOR INDUSTRIAL,15/12/22,TELCEL,SERVICIOS EMPRESARIALES - NO CLASIFICADOS,digital,11.73,,,,,,,,,,,,,
fd882b966a126fa90f9af3d7be697c3e9e2d812b,Persona Fisica Sin Actividad Empresarial,EMPLEADO DEL SECTOR INDUSTRIAL,16/12/22,7ELEVEN,"TIENDAS DE CONVENIENCIA, MINISUPER",fisica,4.32,,,,,,,,,,,,,
fd882b966a126fa90f9af3d7be697c3e9e2d812b,Persona Fisica Sin Actividad Empresarial,EMPLEADO DEL SECTOR INDUSTRIAL,17/12/22,TELCEL,SERVICIOS EMPRESARIALES - NO CLASIFICADOS,digital,11.73,,,,,,,,,,,,,
fd882b966a126fa90f9af3d7be697c3e9e2d812b,Persona Fisica Sin Actividad Empresarial,EMPLEADO DEL SECTOR INDUSTRIAL,18/12/22,7ELEVEN,"TIENDAS DE CONVENIENCIA, MINISUPER",fisica,3.4,,,,,,,,,,,,,
fd882b966a126fa90f9af3d7be697c3e9e2d812b,Persona Fisica Sin Actividad Empresarial,EMPLEADO DEL SECTOR INDUSTRIAL,18/12/22,TELCEL,SERVICIOS EMPRESARIALES - NO CLASIFICADOS,digital,9.43,,,,,,,,,,,,,
fd882b966a126fa90f9af3d7be697c3e9e2d812b,Persona Fisica Sin Actividad Empresarial,EMPLEADO DEL SECTOR INDUSTRIAL,18/12/22,TELCEL,SERVICIOS EMPRESARIALES - NO CLASIFICADOS,digital,3.69,,,,,,,,,,,,,
fd882b966a126fa90f9af3d7be697c3e9e2d812b,Persona Fisica Sin Actividad Empresarial,EMPLEADO DEL SECTOR INDUSTRIAL,18/12/22,7ELEVEN,"TIENDAS DE CONVENIENCIA, MINISUPER",fisica,3.69,,,,,,,,,,,,,
fd882b966a126fa90f9af3d7be697c3e9e2d812b,Persona Fisica Sin Actividad Empresarial,EMPLEADO DEL SECTOR INDUSTRIAL,21/12/22,TELCEL,"SERVICIOS DE TELECOMUNICACION, LLAMADAS LOC Y LARG",digital,5.99,,,,,,,,,,,,,
fd882b966a126fa90f9af3d7be697c3e9e2d812b,Persona Fisica Sin Actividad Empresarial,EMPLEADO DEL SECTOR INDUSTRIAL,21/12/22,TELCEL,"SERVICIOS DE TELECOMUNICACION, LLAMADAS LOC Y LARG",digital,5.99,,,,,,,,,,,,,
fd882b966a126fa90f9af3d7be697c3e9e2d812b,Persona Fisica Sin Actividad Empresarial,EMPLEADO DEL SECTOR INDUSTRIAL,22/12/22,TELCEL,"SERVICIOS DE TELECOMUNICACION, LLAMADAS LOC Y LARG",digital,9.43,,,,,,,,,,,,,
fd882b966a126fa90f9af3d7be697c3e9e2d812b,Persona Fisica Sin Actividad Empresarial,EMPLEADO DEL SECTOR INDUSTRIAL,22/12/22,TELCEL,"SERVICIOS DE TELECOMUNICACION, LLAMADAS LOC Y LARG",digital,5.99,,,,,,,,,,,,,
fd882b966a126fa90f9af3d7be697c3e9e2d812b,Persona Fisica Sin Actividad Empresarial,EMPLEADO DEL SECTOR INDUSTRIAL,22/12/22,UBER,AGREGADOR,digital,15.17,,,,,,,,,,,,,
fd882b966a126fa90f9af3d7be697c3e9e2d812b,Persona Fisica Sin Actividad Empresarial,EMPLEADO DEL SECTOR INDUSTRIAL,22/12/22,UBER,"LIMOSINAS, (TAXIS)",digital,16.08,,,,,,,,,,,,,
fd882b966a126fa90f9af3d7be697c3e9e2d812b,Persona Fisica Sin Actividad Empresarial,EMPLEADO DEL SECTOR INDUSTRIAL,22/12/22,UBER,AGREGADOR,digital,12.88,,,,,,,,,,,,,
fd882b966a126fa90f9af3d7be697c3e9e2d812b,Persona Fisica Sin Actividad Empresarial,EMPLEADO DEL SECTOR INDUSTRIAL,22/12/22,TELCEL,COMERCIOS ELECTRONICOS (VTAS POR INTERNET),digital,17.47,,,,,,,,,,,,,
fd882b966a126fa90f9af3d7be697c3e9e2d812b,Persona Fisica Sin Actividad Empresarial,EMPLEADO DEL SECTOR INDUSTRIAL,22/12/22,TELCEL,COMERCIOS ELECTRONICOS (VTAS POR INTERNET),digital,1.96,,,,,,,,,,,,,
fd882b966a126fa90f9af3d7be697c3e9e2d812b,Persona Fisica Sin Actividad Empresarial,EMPLEADO DEL SECTOR INDUSTRIAL,22/12/22,TELCEL,"SERVICIOS DE TELECOMUNICACION, LLAMADAS LOC Y LARG",digital,1.96,,,,,,,,,,,,,
fd882b966a126fa90f9af3d7be697c3e9e2d812b,Persona Fisica Sin Actividad Empresarial,EMPLEADO DEL SECTOR INDUSTRIAL,23/12/22,7ELEVEN,"TIENDAS DE CONVENIENCIA, MINISUPER",fisica,13.51,,,,,,,,,,,,,
fd882b966a126fa90f9af3d7be697c3e9e2d812b,Persona Fisica Sin Actividad Empresarial,EMPLEADO DEL SECTOR INDUSTRIAL,24/12/22,TELCEL,"SERVICIOS DE TELECOMUNICACION, LLAMADAS LOC Y LARG",digital,3.69,,,,,,,,,,,,,
fd882b966a126fa90f9af3d7be697c3e9e2d812b,Persona Fisica Sin Actividad Empresarial,EMPLEADO DEL SECTOR INDUSTRIAL,25/12/22,BET365,CASINOS CASAS DE JUEGO (APUESTAS INCLUYE BILLETES),digital,11.73,,,,,,,,,,,,,
fd882b966a126fa90f9af3d7be697c3e9e2d812b,Persona Fisica Sin Actividad Empresarial,EMPLEADO DEL SECTOR INDUSTRIAL,25/12/22,ATT,"SERVICIOS DE TELECOMUNICACION, LLAMADAS LOC Y LARG",digital,11.73,,,,,,,,,,,,,
fd882b966a126fa90f9af3d7be697c3e9e2d812b,Persona Fisica Sin Actividad Empresarial,EMPLEADO DEL SECTOR INDUSTRIAL,27/12/22,TELCEL,COMERCIOS ELECTRONICOS (VTAS POR INTERNET),digital,1.96,,,,,,,,,,,,,
fd882b966a126fa90f9af3d7be697c3e9e2d812b,Persona Fisica Sin Actividad Empresarial,EMPLEADO DEL SECTOR INDUSTRIAL,27/12/22,TELCEL,COMERCIOS ELECTRONICOS (VTAS POR INTERNET),digital,1.96,,,,,,,,,,,,,
fd882b966a126fa90f9af3d7be697c3e9e2d812b,Persona Fisica Sin Actividad Empresarial,EMPLEADO DEL SECTOR INDUSTRIAL,27/12/22,TELCEL,COMERCIOS ELECTRONICOS (VTAS POR INTERNET),digital,1.96,,,,,,,,,,,,,
fd882b966a126fa90f9af3d7be697c3e9e2d812b,Persona Fisica Sin Actividad Empresarial,EMPLEADO DEL SECTOR INDUSTRIAL,28/12/22,TELCEL,COMERCIOS ELECTRONICOS (VTAS POR INTERNET),digital,1.96,,,,,,,,,,,,,
fd882b966a126fa90f9af3d7be697c3e9e2d812b,Persona Fisica Sin Actividad Empresarial,EMPLEADO DEL SECTOR INDUSTRIAL,28/12/22,OXXO,"TIENDAS DE CONVENIENCIA, MINISUPER",fisica,68.31,,,,,,,,,,,,,
fd882b966a126fa90f9af3d7be697c3e9e2d812b,Persona Fisica Sin Actividad Empresarial,EMPLEADO DEL SECTOR INDUSTRIAL,29/12/22,BET365,CASINOS CASAS DE JUEGO (APUESTAS INCLUYE BILLETES),digital,11.73,,,,,,,,,,,,,
fd882b966a126fa90f9af3d7be697c3e9e2d812b,Persona Fisica Sin Actividad Empresarial,EMPLEADO DEL SECTOR INDUSTRIAL,30/12/22,TELCEL,SERVICIOS EMPRESARIALES - NO CLASIFICADOS,digital,1.96,,,,,,,,,,,,,
fd882b966a126fa90f9af3d7be697c3e9e2d812b,Persona Fisica Sin Actividad Empresarial,EMPLEADO DEL SECTOR INDUSTRIAL,30/12/22,7ELEVEN,"TIENDAS DE CONVENIENCIA, MINISUPER",fisica,54.01,,,,,,,,,,,,,
fd882b966a126fa90f9af3d7be697c3e9e2d812b,Persona Fisica Sin Actividad Empresarial,EMPLEADO DEL SECTOR INDUSTRIAL,30/12/22,TELCEL,"SERVICIOS DE TELECOMUNICACION, LLAMADAS LOC Y LARG",digital,5.99,,,,,,,,,,,,,
fd882b966a126fa90f9af3d7be697c3e9e2d812b,Persona Fisica Sin Actividad Empresarial,EMPLEADO DEL SECTOR INDUSTRIAL,02/01/23,BET365,CASINOS CASAS DE JUEGO (APUESTAS INCLUYE BILLETES),digital,11.73,,,,,,,,,,,,,
fd882b966a126fa90f9af3d7be697c3e9e2d812b,Persona Fisica Sin Actividad Empresarial,EMPLEADO DEL SECTOR INDUSTRIAL,03/01/23,FARMACIASGUADALAJARA,"DROGUERIAS, (FARMACIAS)",fisica,20.49,,,,,,,,,,,,,
fd882b966a126fa90f9af3d7be697c3e9e2d812b,Persona Fisica Sin Actividad Empresarial,EMPLEADO DEL SECTOR INDUSTRIAL,04/01/23,TELCEL,SERVICIOS EMPRESARIALES - NO CLASIFICADOS,digital,17.47,,,,,,,,,,,,,
fd882b966a126fa90f9af3d7be697c3e9e2d812b,Persona Fisica Sin Actividad Empresarial,EMPLEADO DEL SECTOR INDUSTRIAL,04/01/23,TELCEL,"SERVICIOS DE TELECOMUNICACION, LLAMADAS LOC Y LARG",digital,9.43,,,,,,,,,,,,,
fd882b966a126fa90f9af3d7be697c3e9e2d812b,Persona Fisica Sin Actividad Empresarial,EMPLEADO DEL SECTOR INDUSTRIAL,05/01/23,BET365,CASINOS CASAS DE JUEGO (APUESTAS INCLUYE BILLETES),digital,11.73,,,,,,,,,,,,,
fd882b966a126fa90f9af3d7be697c3e9e2d812b,Persona Fisica Sin Actividad Empresarial,EMPLEADO DEL SECTOR INDUSTRIAL,05/01/23,BET365,CASINOS CASAS DE JUEGO (APUESTAS INCLUYE BILLETES),digital,23.22,,,,,,,,,,,,,
fd882b966a126fa90f9af3d7be697c3e9e2d812b,Persona Fisica Sin Actividad Empresarial,EMPLEADO DEL SECTOR INDUSTRIAL,09/01/23,BET365,CASINOS CASAS DE JUEGO (APUESTAS INCLUYE BILLETES),digital,11.73,,,,,,,,,,,,,
fd882b966a126fa90f9af3d7be697c3e9e2d812b,Persona Fisica Sin Actividad Empresarial,EMPLEADO DEL SECTOR INDUSTRIAL,11/01/23,TELCEL,SERVICIOS EMPRESARIALES - NO CLASIFICADOS,digital,5.99,,,,,,,,,,,,,
fd882b966a126fa90f9af3d7be697c3e9e2d812b,Persona Fisica Sin Actividad Empresarial,EMPLEADO DEL SECTOR INDUSTRIAL,11/01/23,TELCEL,"SERVICIOS DE TELECOMUNICACION, LLAMADAS LOC Y LARG",digital,5.99,,,,,,,,,,,,,
fd882b966a126fa90f9af3d7be697c3e9e2d812b,Persona Fisica Sin Actividad Empresarial,EMPLEADO DEL SECTOR INDUSTRIAL,12/01/23,BET365,CASINOS CASAS DE JUEGO (APUESTAS INCLUYE BILLETES),digital,28.27,,,,,,,,,,,,,
fd882b966a126fa90f9af3d7be697c3e9e2d812b,Persona Fisica Sin Actividad Empresarial,EMPLEADO DEL SECTOR INDUSTRIAL,12/01/23,COPPEL,TIENDA DEPARTAMENTAL,fisica,39.76,,,,,,,,,,,,,
fd882b966a126fa90f9af3d7be697c3e9e2d812b,Persona Fisica Sin Actividad Empresarial,EMPLEADO DEL SECTOR INDUSTRIAL,13/01/23,7ELEVEN,"TIENDAS DE CONVENIENCIA, MINISUPER",fisica,3.52,,,,,,,,,,,,,
fd882b966a126fa90f9af3d7be697c3e9e2d812b,Persona Fisica Sin Actividad Empresarial,EMPLEADO DEL SECTOR INDUSTRIAL,13/01/23,7ELEVEN,"TIENDAS DE CONVENIENCIA, MINISUPER",fisica,3.52,,,,,,,,,,,,,
fd882b966a126fa90f9af3d7be697c3e9e2d812b,Persona Fisica Sin Actividad Empresarial,EMPLEADO DEL SECTOR INDUSTRIAL,15/01/23,UBER,"LIMOSINAS, (TAXIS)",digital,16.32,,,,,,,,,,,,,
fd882b966a126fa90f9af3d7be697c3e9e2d812b,Persona Fisica Sin Actividad Empresarial,EMPLEADO DEL SECTOR INDUSTRIAL,15/01/23,UBER,AGREGADOR,digital,17.47,,,,,,,,,,,,,
fd882b966a126fa90f9af3d7be697c3e9e2d812b,Persona Fisica Sin Actividad Empresarial,EMPLEADO DEL SECTOR INDUSTRIAL,15/01/23,UBER,AGREGADOR,digital,10.56,,,,,,,,,,,,,
fd882b966a126fa90f9af3d7be697c3e9e2d812b,Persona Fisica Sin Actividad Empresarial,EMPLEADO DEL SECTOR INDUSTRIAL,15/01/23,7ELEVEN,"TIENDAS DE CONVENIENCIA, MINISUPER",fisica,45.73,,,,,,,,,,,,,
fd882b966a126fa90f9af3d7be697c3e9e2d812b,Persona Fisica Sin Actividad Empresarial,EMPLEADO DEL SECTOR INDUSTRIAL,16/01/23,UBEREATS,"TRASLADOS - FLETES, (SERVICIOS DE MENSAJERIA)",digital,31.64,,,,,,,,,,,,,
fd882b966a126fa90f9af3d7be697c3e9e2d812b,Persona Fisica Sin Actividad Empresarial,EMPLEADO DEL SECTOR INDUSTRIAL,16/01/23,UBER,AGREGADOR,digital,15.16,,,,,,,,,,,,,
fd882b966a126fa90f9af3d7be697c3e9e2d812b,Persona Fisica Sin Actividad Empresarial,EMPLEADO DEL SECTOR INDUSTRIAL,16/01/23,UBER,AGREGADOR,digital,15.23,,,,,,,,,,,,,
fd882b966a126fa90f9af3d7be697c3e9e2d812b,Persona Fisica Sin Actividad Empresarial,EMPLEADO DEL SECTOR INDUSTRIAL,16/01/23,UBER,AGREGADOR,digital,14.02,,,,,,,,,,,,,
fd882b966a126fa90f9af3d7be697c3e9e2d812b,Persona Fisica Sin Actividad Empresarial,EMPLEADO DEL SECTOR INDUSTRIAL,17/01/23,TELCEL,SERVICIOS EMPRESARIALES - NO CLASIFICADOS,digital,3.69,,,,,,,,,,,,,
fd882b966a126fa90f9af3d7be697c3e9e2d812b,Persona Fisica Sin Actividad Empresarial,EMPLEADO DEL SECTOR INDUSTRIAL,17/01/23,7ELEVEN,"TIENDAS DE CONVENIENCIA, MINISUPER",fisica,12.82,,,,,,,,,,,,,
fd882b966a126fa90f9af3d7be697c3e9e2d812b,Persona Fisica Sin Actividad Empresarial,EMPLEADO DEL SECTOR INDUSTRIAL,18/01/23,UBER,AGREGADOR,digital,10.57,,,,,,,,,,,,,
fd882b966a126fa90f9af3d7be697c3e9e2d812b,Persona Fisica Sin Actividad Empresarial,EMPLEADO DEL SECTOR INDUSTRIAL,18/01/23,UBER,AGREGADOR,digital,17.47,,,,,,,,,,,,,
fd882b966a126fa90f9af3d7be697c3e9e2d812b,Persona Fisica Sin Actividad Empresarial,EMPLEADO DEL SECTOR INDUSTRIAL,18/01/23,UBEREATS,"TRASLADOS - FLETES, (SERVICIOS DE MENSAJERIA)",digital,92.53,,,,,,,,,,,,,
fd882b966a126fa90f9af3d7be697c3e9e2d812b,Persona Fisica Sin Actividad Empresarial,EMPLEADO DEL SECTOR INDUSTRIAL,19/01/23,UBER,AGREGADOR,digital,8.85,,,,,,,,,,,,,
fd882b966a126fa90f9af3d7be697c3e9e2d812b,Persona Fisica Sin Actividad Empresarial,EMPLEADO DEL SECTOR INDUSTRIAL,19/01/23,UBER,AGREGADOR,digital,12.88,,,,,,,,,,,,,
fd882b966a126fa90f9af3d7be697c3e9e2d812b,Persona Fisica Sin Actividad Empresarial,EMPLEADO DEL SECTOR INDUSTRIAL,19/01/23,STARBUCKS,COMIDA RAPIDA,fisica,12.53,,,,,,,,,,,,,
fd882b966a126fa90f9af3d7be697c3e9e2d812b,Persona Fisica Sin Actividad Empresarial,EMPLEADO DEL SECTOR INDUSTRIAL,19/01/23,COPPEL,TIENDA DEPARTAMENTAL,digital,18.97,,,,,,,,,,,,,
fd882b966a126fa90f9af3d7be697c3e9e2d812b,Persona Fisica Sin Actividad Empresarial,EMPLEADO DEL SECTOR INDUSTRIAL,19/01/23,UBEREATS,"TRASLADOS - FLETES, (SERVICIOS DE MENSAJERIA)",digital,52.21,,,,,,,,,,,,,
fd882b966a126fa90f9af3d7be697c3e9e2d812b,Persona Fisica Sin Actividad Empresarial,EMPLEADO DEL SECTOR INDUSTRIAL,19/01/23,BET365,CASINOS CASAS DE JUEGO (APUESTAS INCLUYE BILLETES),digital,11.73,,,,,,,,,,,,,
fd882b966a126fa90f9af3d7be697c3e9e2d812b,Persona Fisica Sin Actividad Empresarial,EMPLEADO DEL SECTOR INDUSTRIAL,20/01/23,UBEREATS,"TRASLADOS - FLETES, (SERVICIOS DE MENSAJERIA)",digital,36.38,,,,,,,,,,,,,
fd882b966a126fa90f9af3d7be697c3e9e2d812b,Persona Fisica Sin Actividad Empresarial,EMPLEADO DEL SECTOR INDUSTRIAL,21/01/23,UBER,AGREGADOR,digital,8.28,,,,,,,,,,,,,
fd882b966a126fa90f9af3d7be697c3e9e2d812b,Persona Fisica Sin Actividad Empresarial,EMPLEADO DEL SECTOR INDUSTRIAL,21/01/23,UBER,AGREGADOR,digital,8.38,,,,,,,,,,,,,
fd882b966a126fa90f9af3d7be697c3e9e2d812b,Persona Fisica Sin Actividad Empresarial,EMPLEADO DEL SECTOR INDUSTRIAL,21/01/23,7ELEVEN,"TIENDAS DE CONVENIENCIA, MINISUPER",fisica,3.52,,,,,,,,,,,,,
fd882b966a126fa90f9af3d7be697c3e9e2d812b,Persona Fisica Sin Actividad Empresarial,EMPLEADO DEL SECTOR INDUSTRIAL,22/01/23,7ELEVEN,"TIENDAS DE CONVENIENCIA, MINISUPER",fisica,3.52,,,,,,,,,,,,,
fd882b966a126fa90f9af3d7be697c3e9e2d812b,Persona Fisica Sin Actividad Empresarial,EMPLEADO DEL SECTOR INDUSTRIAL,22/01/23,UBEREATS,"TRASLADOS - FLETES, (SERVICIOS DE MENSAJERIA)",digital,36.12,,,,,,,,,,,,,
fd882b966a126fa90f9af3d7be697c3e9e2d812b,Persona Fisica Sin Actividad Empresarial,EMPLEADO DEL SECTOR INDUSTRIAL,25/01/23,TELCEL,SERVICIOS EMPRESARIALES - NO CLASIFICADOS,digital,9.43,,,,,,,,,,,,,
fd882b966a126fa90f9af3d7be697c3e9e2d812b,Persona Fisica Sin Actividad Empresarial,EMPLEADO DEL SECTOR INDUSTRIAL,25/01/23,TELCEL,SERVICIOS EMPRESARIALES - NO CLASIFICADOS,digital,5.99,,,,,,,,,,,,,
fd882b966a126fa90f9af3d7be697c3e9e2d812b,Persona Fisica Sin Actividad Empresarial,EMPLEADO DEL SECTOR INDUSTRIAL,25/01/23,TELCEL,SERVICIOS EMPRESARIALES - NO CLASIFICADOS,digital,1.96,,,,,,,,,,,,,
fd882b966a126fa90f9af3d7be697c3e9e2d812b,Persona Fisica Sin Actividad Empresarial,EMPLEADO DEL SECTOR INDUSTRIAL,25/01/23,TELCEL,SERVICIOS EMPRESARIALES - NO CLASIFICADOS,digital,11.73,,,,,,,,,,,,,
fd882b966a126fa90f9af3d7be697c3e9e2d812b,Persona Fisica Sin Actividad Empresarial,EMPLEADO DEL SECTOR INDUSTRIAL,25/01/23,TELCEL,COMERCIOS ELECTRONICOS (VTAS POR INTERNET),digital,1.96,,,,,,,,,,,,,
fd882b966a126fa90f9af3d7be697c3e9e2d812b,Persona Fisica Sin Actividad Empresarial,EMPLEADO DEL SECTOR INDUSTRIAL,28/01/23,7ELEVEN,"TIENDAS DE CONVENIENCIA, MINISUPER",fisica,3.52,,,,,,,,,,,,,
fd882b966a126fa90f9af3d7be697c3e9e2d812b,Persona Fisica Sin Actividad Empresarial,EMPLEADO DEL SECTOR INDUSTRIAL,28/01/23,BET365,CASINOS CASAS DE JUEGO (APUESTAS INCLUYE BILLETES),digital,11.73,,,,,,,,,,,,,
fd882b966a126fa90f9af3d7be697c3e9e2d812b,Persona Fisica Sin Actividad Empresarial,EMPLEADO DEL SECTOR INDUSTRIAL,29/01/23,BET365,CASINOS CASAS DE JUEGO (APUESTAS INCLUYE BILLETES),digital,11.73,,,,,,,,,,,,,
fd882b966a126fa90f9af3d7be697c3e9e2d812b,Persona Fisica Sin Actividad Empresarial,EMPLEADO DEL SECTOR INDUSTRIAL,30/01/23,7ELEVEN,"TIENDAS DE CONVENIENCIA, MINISUPER",fisica,6.27,,,,,,,,,,,,,
,,,,,,,,,,,,,,,,,,,,
,,,,,,,,,,,,,,,,,,,,
,,,,,,,,,,,,,,,,,,,,
,,,,,,,,,,,,,,,,,,,,
,,,,,,,,,,,,,,,,,,,,
,,,,,,,,,,,,,,,,,,,,
,,,,,,,,,,,,,,,,,,,,
,,,,,,,,,,,,,,,,,,,,
,,,,,,,,,,,,,,,,,,,,
,,,,,,,,,,,,,,,,,,,,
,,,,,,,,,,,,,,,,,,,,
,,,,,,,,,,,,,,,,,,,,
,,,,,,,,,,,,,,,,,,,,
,,,,,,,,,,,,,,,,,,,,
,,,,,,,,,,,,,,,,,,,,
,,,,,,,,,,,,,,,,,,,,
,,,,,,,,,,,,,,,,,,,,
,,,,,,,,,,,,,,,,,,,,
,,,,,,,,,,,,,,,,,,,,
,,,,,,,,,,,,,,,,,,,,
,,,,,,,,,,,,,,,,,,,,
,,,,,,,,,,,,,,,,,,,,
,,,,,,,,,,,,,,,,,,,,
,,,,,,,,,,,,,,,,,,,,
,,,,,,,,,,,,,,,,,,,,
,,,,,,,,,,,,,,,,,,,,
,,,,,,,,,,,,,,,,,,,,
,,,,,,,,,,,,,,,,,,,,
,,,,,,,,,,,,,,,,,,,,
,,,,,,,,,,,,,,,,,,,,
,,,,,,,,,,,,,,,,,,,,
,,,,,,,,,,,,,,,,,,,,
,,,,,,,,,,,,,,,,,,,,
,,,,,,,,,,,,,,,,,,,,
,,,,,,,,,,,,,,,,,,,,
,,,,,,,,,,,,,,,,,,,,
,,,,,,,,,,,,,,,,,,,,
,,,,,,,,,,,,,,,,,,,,
,,,,,,,,,,,,,,,,,,,,
,,,,,,,,,,,,,,,,,,,,
,,,,,,,,,,,,,,,,,,,,
,,,,,,,,,,,,,,,,,,,,
,,,,,,,,,,,,,,,,,,,,
,,,,,,,,,,,,,,,,,,,,
,,,,,,,,,,,,,,,,,,,,
,,,,,,,,,,,,,,,,,,,,
,,,,,,,,,,,,,,,,,,,,
,,,,,,,,,,,,,,,,,,,,
,,,,,,,,,,,,,,,,,,,,
,,,,,,,,,,,,,,,,,,,,
,,,,,,,,,,,,,,,,,,,,
,,,,,,,,,,,,,,,,,,,,
,,,,,,,,,,,,,,,,,,,,
,,,,,,,,,,,,,,,,,,,,
,,,,,,,,,,,,,,,,,,,,
,,,,,,,,,,,,,,,,,,,,
,,,,,,,,,,,,,,,,,,,,
,,,,,,,,,,,,,,,,,,,,
,,,,,,,,,,,,,,,,,,,,
,,,,,,,,,,,,,,,,,,,,
,,,,,,,,,,,,,,,,,,,,
,,,,,,,,,,,,,,,,,,,,
,,,,,,,,,,,,,,,,,,,,
,,,,,,,,,,,,,,,,,,,,
,,,,,,,,,,,,,,,,,,,,
,,,,,,,,,,,,,,,,,,,,
,,,,,,,,,,,,,,,,,,,,
,,,,,,,,,,,,,,,,,,,,
,,,,,,,,,,,,,,,,,,,,
,,,,,,,,,,,,,,,,,,,,
,,,,,,,,,,,,,,,,,,,,
,,,,,,,,,,,,,,,,,,,,
,,,,,,,,,,,,,,,,,,,,
,,,,,,,,,,,,,,,,,,,,
,,,,,,,,,,,,,,,,,,,,
,,,,,,,,,,,,,,,,,,,,
,,,,,,,,,,,,,,,,,,,,
,,,,,,,,,,,,,,,,,,,,
,,,,,,,,,,,,,,,,,,,,
,,,,,,,,,,,,,,,,,,,,
,,,,,,,,,,,,,,,,,,,,
,,,,,,,,,,,,,,,,,,,,
,,,,,,,,,,,,,,,,,,,,
,,,,,,,,,,,,,,,,,,,,
,,,,,,,,,,,,,,,,,,,,
,,,,,,,,,,,,,,,,,,,,
,,,,,,,,,,,,,,,,,,,,
,,,,,,,,,,,,,,,,,,,,
,,,,,,,,,,,,,,,,,,,,
,,,,,,,,,,,,,,,,,,,,
,,,,,,,,,,,,,,,,,,,,
,,,,,,,,,,,,,,,,,,,,
,,,,,,,,,,,,,,,,,,,,
,,,,,,,,,,,,,,,,,,,,
,,,,,,,,,,,,,,,,,,,,
,,,,,,,,,,,,,,,,,,,,
,,,,,,,,,,,,,,,,,,,,
,,,,,,,,,,,,,,,,,,,,
,,,,,,,,,,,,,,,,,,,,
,,,,,,,,,,,,,,,,,,,,
,,,,,,,,,,,,,,,,,,,,
,,,,,,,,,,,,,,,,,,,,
,,,,,,,,,,,,,,,,,,,,
,,,,,,,,,,,,,,,,,,,,
,,,,,,,,,,,,,,,,,,,,
,,,,,,,,,,,,,,,,,,,,
,,,,,,,,,,,,,,,,,,,,
,,,,,,,,,,,,,,,,,,,,
,,,,,,,,,,,,,,,,,,,,
,,,,,,,,,,,,,,,,,,,,
,,,,,,,,,,,,,,,,,,,,
,,,,,,,,,,,,,,,,,,,,
,,,,,,,,,,,,,,,,,,,,
,,,,,,,,,,,,,,,,,,,,
,,,,,,,,,,,,,,,,,,,,
,,,,,,,,,,,,,,,,,,,,
,,,,,,,,,,,,,,,,,,,,
,,,,,,,,,,,,,,,,,,,,
,,,,,,,,,,,,,,,,,,,,
,,,,,,,,,,,,,,,,,,,,
,,,,,,,,,,,,,,,,,,,,
,,,,,,,,,,,,,,,,,,,,
,,,,,,,,,,,,,,,,,,,,
,,,,,,,,,,,,,,,,,,,,
,,,,,,,,,,,,,,,,,,,,
,,,,,,,,,,,,,,,,,,,,
,,,,,,,,,,,,,,,,,,,,
,,,,,,,,,,,,,,,,,,,,
,,,,,,,,,,,,,,,,,,,,
,,,,,,,,,,,,,,,,,,,,
,,,,,,,,,,,,,,,,,,,,
,,,,,,,,,,,,,,,,,,,,
,,,,,,,,,,,,,,,,,,,,
,,,,,,,,,,,,,,,,,,,,
,,,,,,,,,,,,,,,,,,,,
,,,,,,,,,,,,,,,,,,,,
,,,,,,,,,,,,,,,,,,,,
,,,,,,,,,,,,,,,,,,,,
,,,,,,,,,,,,,,,,,,,,
,,,,,,,,,,,,,,,,,,,,
,,,,,,,,,,,,,,,,,,,,
,,,,,,,,,,,,,,,,,,,,
,,,,,,,,,,,,,,,,,,,,
,,,,,,,,,,,,,,,,,,,,
,,,,,,,,,,,,,,,,,,,,
,,,,,,,,,,,,,,,,,,,,
,,,,,,,,,,,,,,,,,,,,
,,,,,,,,,,,,,,,,,,,,
,,,,,,,,,,,,,,,,,,,,
,,,,,,,,,,,,,,,,,,,,
,,,,,,,,,,,,,,,,,,,,
,,,,,,,,,,,,,,,,,,,,
,,,,,,,,,,,,,,,,,,,,
,,,,,,,,,,,,,,,,,,,,
,,,,,,,,,,,,,,,,,,,,
,,,,,,,,,,,,,,,,,,,,
,,,,,,,,,,,,,,,,,,,,
,,,,,,,,,,,,,,,,,,,,
,,,,,,,,,,,,,,,,,,,,
,,,,,,,,,,,,,,,,,,,,
,,,,,,,,,,,,,,,,,,,,
,,,,,,,,,,,,,,,,,,,,
,,,,,,,,,,,,,,,,,,,,
,,,,,,,,,,,,,,,,,,,,
,,,,,,,,,,,,,,,,,,,,
,,,,,,,,,,,,,,,,,,,,
,,,,,,,,,,,,,,,,,,,,
,,,,,,,,,,,,,,,,,,,,
,,,,,,,,,,,,,,,,,,,,
,,,,,,,,,,,,,,,,,,,,
,,,,,,,,,,,,,,,,,,,,
,,,,,,,,,,,,,,,,,,,,
,,,,,,,,,,,,,,,,,,,,
,,,,,,,,,,,,,,,,,,,,
,,,,,,,,,,,,,,,,,,,,
,,,,,,,,,,,,,,,,,,,,
,,,,,,,,,,,,,,,,,,,,
,,,,,,,,,,,,,,,,,,,,
,,,,,,,,,,,,,,,,,,,,
,,,,,,,,,,,,,,,,,,,,
,,,,,,,,,,,,,,,,,,,,
,,,,,,,,,,,,,,,,,,,,
,,,,,,,,,,,,,,,,,,,,
,,,,,,,,,,,,,,,,,,,,
,,,,,,,,,,,,,,,,,,,,
,,,,,,,,,,,,,,,,,,,,
,,,,,,,,,,,,,,,,,,,,
,,,,,,,,,,,,,,,,,,,,
,,,,,,,,,,,,,,,,,,,,
,,,,,,,,,,,,,,,,,,,,
,,,,,,,,,,,,,,,,,,,,
,,,,,,,,,,,,,,,,,,,,
,,,,,,,,,,,,,,,,,,,,
,,,,,,,,,,,,,,,,,,,,
,,,,,,,,,,,,,,,,,,,,
,,,,,,,,,,,,,,,,,,,,
,,,,,,,,,,,,,,,,,,,,
,,,,,,,,,,,,,,,,,,,,
,,,,,,,,,,,,,,,,,,,,
,,,,,,,,,,,,,,,,,,,,
,,,,,,,,,,,,,,,,,,,,
,,,,,,,,,,,,,,,,,,,,
,,,,,,,,,,,,,,,,,,,,
,,,,,,,,,,,,,,,,,,,,
,,,,,,,,,,,,,,,,,,,,
,,,,,,,,,,,,,,,,,,,,
,,,,,,,,,,,,,,,,,,,,
,,,,,,,,,,,,,,,,,,,,
,,,,,,,,,,,,,,,,,,,,
,,,,,,,,,,,,,,,,,,,,
,,,,,,,,,,,,,,,,,,,,
,,,,,,,,,,,,,,,,,,,,
,,,,,,,,,,,,,,,,,,,,
,,,,,,,,,,,,,,,,,,,,
,,,,,,,,,,,,,,,,,,,,
,,,,,,,,,,,,,,,,,,,,
,,,,,,,,,,,,,,,,,,,,
,,,,,,,,,,,,,,,,,,,,
,,,,,,,,,,,,,,,,,,,,
,,,,,,,,,,,,,,,,,,,,
,,,,,,,,,,,,,,,,,,,,
,,,,,,,,,,,,,,,,,,,,
,,,,,,,,,,,,,,,,,,,,
,,,,,,,,,,,,,,,,,,,,
,,,,,,,,,,,,,,,,,,,,
,,,,,,,,,,,,,,,,,,,,
,,,,,,,,,,,,,,,,,,,,
,,,,,,,,,,,,,,,,,,,,
,,,,,,,,,,,,,,,,,,,,
,,,,,,,,,,,,,,,,,,,,
,,,,,,,,,,,,,,,,,,,,
,,,,,,,,,,,,,,,,,,,,
,,,,,,,,,,,,,,,,,,,,
,,,,,,,,,,,,,,,,,,,,
,,,,,,,,,,,,,,,,,,,,
,,,,,,,,,,,,,,,,,,,,
,,,,,,,,,,,,,,,,,,,,
,,,,,,,,,,,,,,,,,,,,
,,,,,,,,,,,,,,,,,,,,
,,,,,,,,,,,,,,,,,,,,
,,,,,,,,,,,,,,,,,,,,
,,,,,,,,,,,,,,,,,,,,
,,,,,,,,,,,,,,,,,,,,
,,,,,,,,,,,,,,,,,,,,
,,,,,,,,,,,,,,,,,,,,
,,,,,,,,,,,,,,,,,,,,
,,,,,,,,,,,,,,,,,,,,
,,,,,,,,,,,,,,,,,,,,
,,,,,,,,,,,,,,,,,,,,
,,,,,,,,,,,,,,,,,,,,
,,,,,,,,,,,,,,,,,,,,
,,,,,,,,,,,,,,,,,,,,
,,,,,,,,,,,,,,,,,,,,
,,,,,,,,,,,,,,,,,,,,
,,,,,,,,,,,,,,,,,,,,
,,,,,,,,,,,,,,,,,,,,
,,,,,,,,,,,,,,,,,,,,
,,,,,,,,,,,,,,,,,,,,
,,,,,,,,,,,,,,,,,,,,
,,,,,,,,,,,,,,,,,,,,
,,,,,,,,,,,,,,,,,,,,
,,,,,,,,,,,,,,,,,,,,
,,,,,,,,,,,,,,,,,,,,
,,,,,,,,,,,,,,,,,,,,
,,,,,,,,,,,,,,,,,,,,
,,,,,,,,,,,,,,,,,,,,
,,,,,,,,,,,,,,,,,,,,
,,,,,,,,,,,,,,,,,,,,
,,,,,,,,,,,,,,,,,,,,
,,,,,,,,,,,,,,,,,,,,
,,,,,,,,,,,,,,,,,,,,
,,,,,,,,,,,,,,,,,,,,
,,,,,,,,,,,,,,,,,,,,
,,,,,,,,,,,,,,,,,,,,
,,,,,,,,,,,,,,,,,,,,
,,,,,,,,,,,,,,,,,,,,
,,,,,,,,,,,,,,,,,,,,
,,,,,,,,,,,,,,,,,,,,
,,,,,,,,,,,,,,,,,,,,
,,,,,,,,,,,,,,,,,,,,
,,,,,,,,,,,,,,,,,,,,
,,,,,,,,,,,,,,,,,,,,
,,,,,,,,,,,,,,,,,,,,
,,,,,,,,,,,,,,,,,,,,
,,,,,,,,,,,,,,,,,,,,
,,,,,,,,,,,,,,,,,,,,
,,,,,,,,,,,,,,,,,,,,
,,,,,,,,,,,,,,,,,,,,
,,,,,,,,,,,,,,,,,,,,
,,,,,,,,,,,,,,,,,,,,
,,,,,,,,,,,,,,,,,,,,
,,,,,,,,,,,,,,,,,,,,
,,,,,,,,,,,,,,,,,,,,
,,,,,,,,,,,,,,,,,,,,
,,,,,,,,,,,,,,,,,,,,
,,,,,,,,,,,,,,,,,,,,
,,,,,,,,,,,,,,,,,,,,
,,,,,,,,,,,,,,,,,,,,
,,,,,,,,,,,,,,,,,,,,
,,,,,,,,,,,,,,,,,,,,
,,,,,,,,,,,,,,,,,,,,
,,,,,,,,,,,,,,,,,,,,
,,,,,,,,,,,,,,,,,,,,
,,,,,,,,,,,,,,,,,,,,
,,,,,,,,,,,,,,,,,,,,